Frame,Kecepatan,Y0X_Pixel,Y239X_Pixel,Y479X_Pixel,Y0X_Meter,Y239X_Meter,Y479X_Meter,errorY_0_Xmeter,errorY_239_Xmeter,errorY_479_Xmeter,Radius,Curvature,Y0(meter),Y239(meter),Y479(meter),Error_Lateral,Error_Yaw (rad),Error_Yaw(deg),Angle_MPC(rad),Angle_MPC(deg),Konversi_MPC2Angle,Angle,FPS,km/h
0,0,199,147,206,0.6840625000000001,0.5053125,0.7081250000000001,-0.41593750000000007,-0.5946875,-0.39187500000000003,"(9.114480917591578e+17, 'Straight')",1.09715518529413e-18,0.0,1.643125,3.293125,0.0,0.0,0.0,0.0,0.0,0.0,21.0,1048576.0,0
1,0,369,335,313,1.2684375,1.1515625,1.0759375000000002,0.16843750000000002,0.051562500000000004,-0.024062500000000004,"(44.67027739771768, 'Left Curve')",0.02238625005832385,0.0,1.643125,3.293125,0.0,0.0,0.0,0.0,0.0,0.0,21.0,1.2,0
2,0,363,335,312,1.2478125000000002,1.1515625,1.0725000000000002,0.1478125,0.051562500000000004,-0.027500000000000004,"(53.51181036726313, 'Left Curve')",0.018687463442869597,0.0,1.643125,3.293125,0.0,0.0,0.0,0.0,0.0,0.0,21.0,4.2,0
3,0,366,335,312,1.2581250000000002,1.1515625,1.0725000000000002,0.15812500000000002,0.051562500000000004,-0.027500000000000004,"(46.622541432037295, 'Left Curve')",0.021448852192189522,0.0,1.643125,3.293125,0.0,0.0,0.0,0.0,0.0,0.0,21.0,4.9,0
4,0,368,336,312,1.2650000000000001,1.1550000000000002,1.0725000000000002,0.16500000000000004,0.05500000000000001,-0.027500000000000004,"(46.85520514895744, 'Left Curve')",0.021342345995944288,0.0,1.643125,3.293125,0.0,0.0,0.0,0.0,0.0,0.0,21.0,6.2,0
5,0,369,335,313,1.2684375,1.1515625,1.0759375000000002,0.16843750000000002,0.051562500000000004,-0.024062500000000004,"(46.71886276409738, 'Left Curve')",0.021404630610325607,0.0,1.643125,3.293125,0.0,0.0,0.0,0.0,0.0,0.0,21.0,5.9,0
6,0,371,335,313,1.2753125,1.1515625,1.0759375000000002,0.1753125,0.051562500000000004,-0.024062500000000004,"(41.32488451772794, 'Left Curve')",0.024198494724673957,0.0,1.643125,3.293125,0.0,0.0,0.0,0.0,0.0,0.0,21.0,7.1,0
7,0,369,335,313,1.2684375,1.1515625,1.0759375000000002,0.16843750000000002,0.051562500000000004,-0.024062500000000004,"(42.48311341166258, 'Left Curve')",0.02353876445706725,0.0,1.643125,3.293125,0.0,0.0,0.0,0.0,0.0,0.0,21.0,8.4,0
8,0,372,335,314,1.2787500000000003,1.1515625,1.0793750000000002,0.17875000000000002,0.051562500000000004,-0.020625000000000004,"(39.49841739725457, 'Left Curve')",0.025317470063231123,0.0,1.643125,3.293125,0.0,0.0,0.0,0.0,0.0,0.0,21.0,7.4,0
9,0,373,335,314,1.2821875000000003,1.1515625,1.0793750000000002,0.18218750000000003,0.051562500000000004,-0.020625000000000004,"(40.05047492993822, 'Left Curve')",0.02496849292672152,0.0,1.643125,3.293125,0.0,0.0,0.0,0.0,0.0,0.0,21.0,6.5,0
10,0,370,335,313,1.271875,1.1515625,1.0759375000000002,0.17187500000000003,0.051562500000000004,-0.024062500000000004,"(40.01561528974554, 'Left Curve')",0.02499024425237968,0.0,1.643125,3.293125,0.0,0.0,0.0,0.0,0.0,0.0,21.0,7.6,0
11,0,374,335,314,1.2856250000000002,1.1515625,1.0793750000000002,0.185625,0.051562500000000004,-0.020625000000000004,"(37.71846557026299, 'Left Curve')",0.026512213179435216,0.0,1.643125,3.293125,0.0,0.0,0.0,0.0,0.0,0.0,21.0,7.6,0
12,0,366,334,313,1.2581250000000002,1.148125,1.0759375000000002,0.15812500000000002,0.04812500000000001,-0.024062500000000004,"(43.65099115881698, 'Left Curve')",0.022908987252125933,0.0,1.643125,3.293125,0.0,0.0,0.0,0.0,0.0,0.0,21.0,7.1,0
13,0,372,335,314,1.2787500000000003,1.1515625,1.0793750000000002,0.17875000000000002,0.051562500000000004,-0.020625000000000004,"(39.539925721093994, 'Left Curve')",0.02529089222508362,0.0,1.643125,3.293125,0.0,0.0,0.0,0.0,0.0,0.0,21.0,6.5,0
14,0,370,334,314,1.271875,1.148125,1.0793750000000002,0.17187500000000003,0.04812500000000001,-0.020625000000000004,"(42.26689715411856, 'Left Curve')",0.023659176976102165,0.0,1.643125,3.293125,0.0,0.0,0.0,0.0,0.0,0.0,21.0,7.2,0
15,0,372,334,314,1.2787500000000003,1.148125,1.0793750000000002,0.17875000000000002,0.04812500000000001,-0.020625000000000004,"(38.87856448340557, 'Left Curve')",0.025721114276912854,0.0,1.643125,3.293125,0.0,0.0,0.0,0.0,0.0,0.0,21.0,7.3,0
16,0,371,335,314,1.2753125,1.1515625,1.0793750000000002,0.1753125,0.051562500000000004,-0.020625000000000004,"(40.755201727086614, 'Left Curve')",0.024536745191360017,0.0,1.643125,3.293125,0.0,0.0,0.0,0.0,0.0,0.0,21.0,6.7,0
17,0,369,335,314,1.2684375,1.1515625,1.0793750000000002,0.16843750000000002,0.051562500000000004,-0.020625000000000004,"(39.765189443614105, 'Left Curve')",0.025147623184795114,0.0,1.643125,3.293125,0.0,0.0,0.0,0.0,0.0,0.0,21.0,7.6,0
18,0,373,336,314,1.2821875000000003,1.1550000000000002,1.0793750000000002,0.18218750000000003,0.05500000000000001,-0.020625000000000004,"(40.07780473236157, 'Left Curve')",0.024951466445778937,0.0,1.643125,3.293125,0.0,0.0,0.0,0.0,0.0,0.0,21.0,7.1,0
19,0,372,335,314,1.2787500000000003,1.1515625,1.0793750000000002,0.17875000000000002,0.051562500000000004,-0.020625000000000004,"(38.17745580597173, 'Left Curve')",0.02619346886503578,0.0,1.643125,3.293125,0.0,0.0,0.0,0.0,0.0,0.0,21.0,7.8,0
20,0,373,335,314,1.2821875000000003,1.1515625,1.0793750000000002,0.18218750000000003,0.051562500000000004,-0.020625000000000004,"(37.747895648994344, 'Left Curve')",0.026491542980267863,0.0,1.643125,3.293125,0.0,0.0,0.0,0.0,0.0,0.0,21.0,7.1,0
21,0,374,335,314,1.2856250000000002,1.1515625,1.0793750000000002,0.185625,0.051562500000000004,-0.020625000000000004,"(37.98435824087445, 'Left Curve')",0.02632662617750676,0.0,1.643125,3.293125,0.0,0.0,0.0,0.0,0.0,0.0,21.0,8.0,0
22,0,372,335,314,1.2787500000000003,1.1515625,1.0793750000000002,0.17875000000000002,0.051562500000000004,-0.020625000000000004,"(40.01223977165785, 'Left Curve')",0.024992352482810447,0.0,1.643125,3.293125,0.0,0.0,0.0,0.0,0.0,0.0,21.0,7.0,0
23,0,370,334,314,1.271875,1.148125,1.0793750000000002,0.17187500000000003,0.04812500000000001,-0.020625000000000004,"(40.74215250223706, 'Left Curve')",0.024544604017794402,0.0,1.643125,3.293125,0.0,0.0,0.0,0.0,0.0,0.0,21.0,7.5,0
24,0,370,335,314,1.271875,1.1515625,1.0793750000000002,0.17187500000000003,0.051562500000000004,-0.020625000000000004,"(40.32946081188247, 'Left Curve')",0.024795769144162847,0.0,1.643125,3.293125,0.0,0.0,0.0,0.0,0.0,0.0,21.0,8.9,0
25,0,367,336,313,1.2615625000000001,1.1550000000000002,1.0759375000000002,0.16156250000000003,0.05500000000000001,-0.024062500000000004,"(42.642722893825, 'Left Curve')",0.02345066009245877,0.0,1.643125,3.293125,0.0,0.0,0.0,0.0,0.0,0.0,21.0,7.7,0
26,0,370,335,314,1.271875,1.1515625,1.0793750000000002,0.17187500000000003,0.051562500000000004,-0.020625000000000004,"(40.728414598318984, 'Left Curve')",0.024552883039087748,0.0,1.643125,3.293125,0.0,0.0,0.0,0.0,0.0,0.0,21.0,7.9,0
27,0,372,335,314,1.2787500000000003,1.1515625,1.0793750000000002,0.17875000000000002,0.051562500000000004,-0.020625000000000004,"(39.48278748912138, 'Left Curve')",0.025327492398441426,0.0,1.643125,3.293125,0.0,0.0,0.0,0.0,0.0,0.0,21.0,8.8,0
28,0,368,335,314,1.2650000000000001,1.1515625,1.0793750000000002,0.16500000000000004,0.051562500000000004,-0.020625000000000004,"(40.89515075070365, 'Left Curve')",0.024452776958715425,0.0,1.643125,3.293125,0.0,0.0,0.0,0.0,0.0,0.0,21.0,7.9,0
29,0,368,335,314,1.2650000000000001,1.1515625,1.0793750000000002,0.16500000000000004,0.051562500000000004,-0.020625000000000004,"(41.27272431835877, 'Left Curve')",0.024229076624224292,0.0,1.643125,3.293125,0.0,0.0,0.0,0.0,0.0,0.0,21.0,8.1,0
30,0,368,335,314,1.2650000000000001,1.1515625,1.0793750000000002,0.16500000000000004,0.051562500000000004,-0.020625000000000004,"(40.996164931656494, 'Left Curve')",0.024392525536646434,0.0,1.643125,3.293125,0.0,0.0,0.0,0.0,0.0,0.0,21.0,9.1,0
31,0,369,334,314,1.2684375,1.148125,1.0793750000000002,0.16843750000000002,0.04812500000000001,-0.020625000000000004,"(41.98192764248061, 'Left Curve')",0.023819773320463766,0.0,1.643125,3.293125,0.0,0.0,0.0,0.0,0.0,0.0,21.0,9.9,0
32,0,367,335,314,1.2615625000000001,1.1515625,1.0793750000000002,0.16156250000000003,0.051562500000000004,-0.020625000000000004,"(41.18611352932979, 'Left Curve')",0.02428002825000402,0.0,1.643125,3.293125,0.0,0.0,0.0,0.0,0.0,0.0,21.0,7.8,0
33,0,373,335,314,1.2821875000000003,1.1515625,1.0793750000000002,0.18218750000000003,0.051562500000000004,-0.020625000000000004,"(39.78382619259388, 'Left Curve')",0.025135842770853425,0.0,1.643125,3.293125,0.0,0.0,0.0,0.0,0.0,0.0,21.0,7.1,0
34,0,366,334,314,1.2581250000000002,1.148125,1.0793750000000002,0.15812500000000002,0.04812500000000001,-0.020625000000000004,"(43.901158171535926, 'Left Curve')",0.02277844233841574,0.0,1.643125,3.293125,0.0,0.0,0.0,0.0,0.0,0.0,21.0,7.5,0
35,0,369,335,313,1.2684375,1.1515625,1.0759375000000002,0.16843750000000002,0.051562500000000004,-0.024062500000000004,"(41.734105227398956, 'Left Curve')",0.023961218158416096,0.0,1.643125,3.293125,0.0,0.0,0.0,0.0,0.0,0.0,21.0,7.8,0
36,0,368,334,314,1.2650000000000001,1.148125,1.0793750000000002,0.16500000000000004,0.04812500000000001,-0.020625000000000004,"(43.6318950782628, 'Left Curve')",0.022919013675805136,0.0,1.643125,3.293125,0.0,0.0,0.0,0.0,0.0,0.0,21.0,7.6,0
37,0,372,335,314,1.2787500000000003,1.1515625,1.0793750000000002,0.17875000000000002,0.051562500000000004,-0.020625000000000004,"(40.20620295785658, 'Left Curve')",0.024871784113714542,0.0,1.643125,3.293125,0.0,0.0,0.0,0.0,0.0,0.0,21.0,9.0,0
38,0,371,335,314,1.2753125,1.1515625,1.0793750000000002,0.1753125,0.051562500000000004,-0.020625000000000004,"(41.23201068984823, 'Left Curve')",0.024253001085057704,0.0,1.643125,3.293125,0.0,0.0,0.0,0.0,0.0,0.0,21.0,9.0,0
39,0,371,334,314,1.2753125,1.148125,1.0793750000000002,0.1753125,0.04812500000000001,-0.020625000000000004,"(40.99821149608124, 'Left Curve')",0.02439130790121378,0.0,1.643125,3.293125,0.0,0.0,0.0,0.0,0.0,0.0,21.0,9.2,0
40,0,368,335,314,1.2650000000000001,1.1515625,1.0793750000000002,0.16500000000000004,0.051562500000000004,-0.020625000000000004,"(42.5395121096106, 'Left Curve')",0.02350755686673892,0.0,1.643125,3.293125,0.0,0.0,0.0,0.0,0.0,0.0,21.0,7.7,0
41,0,369,335,314,1.2684375,1.1515625,1.0793750000000002,0.16843750000000002,0.051562500000000004,-0.020625000000000004,"(41.29624360353078, 'Left Curve')",0.024215277534698123,0.0,1.643125,3.293125,0.0,0.0,0.0,0.0,0.0,0.0,21.0,9.6,0
42,0,368,334,314,1.2650000000000001,1.148125,1.0793750000000002,0.16500000000000004,0.04812500000000001,-0.020625000000000004,"(42.38156279909259, 'Left Curve')",0.023595165773863593,0.0,1.643125,3.293125,0.0,0.0,0.0,0.0,0.0,0.0,21.0,8.7,0
43,0,369,335,313,1.2684375,1.1515625,1.0759375000000002,0.16843750000000002,0.051562500000000004,-0.024062500000000004,"(41.03061513263924, 'Left Curve')",0.024372045039230107,0.0,1.643125,3.293125,0.0,0.0,0.0,0.0,0.0,0.0,21.0,8.1,0
44,0,371,334,314,1.2753125,1.148125,1.0793750000000002,0.1753125,0.04812500000000001,-0.020625000000000004,"(40.01294137715368, 'Left Curve')",0.024991914255295743,0.0,1.643125,3.293125,0.0,0.0,0.0,0.0,0.0,0.0,21.0,8.6,0
45,0,366,335,313,1.2581250000000002,1.1515625,1.0759375000000002,0.15812500000000002,0.051562500000000004,-0.024062500000000004,"(43.967355109453734, 'Left Curve')",0.022744147277237125,0.0,1.643125,3.293125,0.0,0.0,0.0,0.0,0.0,0.0,21.0,6.3,0
46,0,372,335,314,1.2787500000000003,1.1515625,1.0793750000000002,0.17875000000000002,0.051562500000000004,-0.020625000000000004,"(40.29802699948917, 'Left Curve')",0.0248151106755841,0.0,1.643125,3.293125,0.0,0.0,0.0,0.0,0.0,0.0,21.0,8.8,0
47,0,371,335,314,1.2753125,1.1515625,1.0793750000000002,0.1753125,0.051562500000000004,-0.020625000000000004,"(41.110740507496786, 'Left Curve')",0.024324543602362116,0.0,1.643125,3.293125,0.0,0.0,0.0,0.0,0.0,0.0,21.0,8.9,0
48,0,368,335,313,1.2650000000000001,1.1515625,1.0759375000000002,0.16500000000000004,0.051562500000000004,-0.024062500000000004,"(41.31808045898441, 'Left Curve')",0.024202479614044002,0.0,1.643125,3.293125,0.0,0.0,0.0,0.0,0.0,0.0,21.0,7.9,0
49,0,369,335,314,1.2684375,1.1515625,1.0793750000000002,0.16843750000000002,0.051562500000000004,-0.020625000000000004,"(41.64475954427947, 'Left Curve')",0.024012625140426944,0.0,1.643125,3.293125,0.0,0.0,0.0,0.0,0.0,0.0,21.0,9.1,0
50,0,373,335,314,1.2821875000000003,1.1515625,1.0793750000000002,0.18218750000000003,0.051562500000000004,-0.020625000000000004,"(38.552699997961085, 'Left Curve')",0.025938520520038453,0.0,1.643125,3.293125,0.0,0.0,0.0,0.0,0.0,0.0,21.0,7.0,0
51,0,371,335,314,1.2753125,1.1515625,1.0793750000000002,0.1753125,0.051562500000000004,-0.020625000000000004,"(42.378200153934245, 'Left Curve')",0.023597038014064018,0.0,1.643125,3.293125,0.0,0.0,0.0,0.0,0.0,0.0,21.0,6.8,0
52,0,364,334,313,1.2512500000000002,1.148125,1.0759375000000002,0.15125000000000002,0.04812500000000001,-0.024062500000000004,"(45.057976582293534, 'Left Curve')",0.022193628650270344,0.0,1.643125,3.293125,0.0,0.0,0.0,0.0,0.0,0.0,21.0,8.5,0
53,0,367,335,314,1.2615625000000001,1.1515625,1.0793750000000002,0.16156250000000003,0.051562500000000004,-0.020625000000000004,"(42.83842815802849, 'Left Curve')",0.023343526898584085,0.0,1.643125,3.293125,0.0,0.0,0.0,0.0,0.0,0.0,21.0,8.4,0
54,0,375,335,314,1.2890625000000002,1.1515625,1.0793750000000002,0.18906250000000002,0.051562500000000004,-0.020625000000000004,"(37.8837217856439, 'Left Curve')",0.0263965617121323,0.0,1.643125,3.293125,0.0,0.0,0.0,0.0,0.0,0.0,21.0,8.1,0
55,0,368,335,313,1.2650000000000001,1.1515625,1.0759375000000002,0.16500000000000004,0.051562500000000004,-0.024062500000000004,"(42.17704210201155, 'Left Curve')",0.023709581093461912,0.0,1.643125,3.293125,0.0,0.0,0.0,0.0,0.0,0.0,21.0,6.8,0
56,0,366,335,313,1.2581250000000002,1.1515625,1.0759375000000002,0.15812500000000002,0.051562500000000004,-0.024062500000000004,"(42.95674781172367, 'Left Curve')",0.023279229712242833,0.0,1.643125,3.293125,0.0,0.0,0.0,0.0,0.0,0.0,21.0,7.7,0
57,0,369,334,314,1.2684375,1.148125,1.0793750000000002,0.16843750000000002,0.04812500000000001,-0.020625000000000004,"(41.733925381087715, 'Left Curve')",0.023961321415817822,0.0,1.643125,3.293125,0.0,0.0,0.0,0.0,0.0,0.0,21.0,7.3,0
58,0,368,335,313,1.2650000000000001,1.1515625,1.0759375000000002,0.16500000000000004,0.051562500000000004,-0.024062500000000004,"(43.21883959744705, 'Left Curve')",0.023138057599748012,0.0,1.643125,3.293125,0.0,0.0,0.0,0.0,0.0,0.0,21.0,7.5,0
59,0,371,335,314,1.2753125,1.1515625,1.0793750000000002,0.1753125,0.051562500000000004,-0.020625000000000004,"(41.24734429745212, 'Left Curve')",0.0242439850863749,0.0,1.643125,3.293125,0.0,0.0,0.0,0.0,0.0,0.0,21.0,8.9,0
60,0,369,334,314,1.2684375,1.148125,1.0793750000000002,0.16843750000000002,0.04812500000000001,-0.020625000000000004,"(41.28516566309486, 'Left Curve')",0.024221775156734033,0.0,1.643125,3.293125,0.0,0.0,0.0,0.0,0.0,0.0,21.0,7.8,0
61,0,367,335,314,1.2615625000000001,1.1515625,1.0793750000000002,0.16156250000000003,0.051562500000000004,-0.020625000000000004,"(42.24428484399613, 'Left Curve')",0.023671841142367516,0.0,1.643125,3.293125,0.0,0.0,0.0,0.0,0.0,0.0,21.0,7.6,0
62,0,368,334,314,1.2650000000000001,1.148125,1.0793750000000002,0.16500000000000004,0.04812500000000001,-0.020625000000000004,"(41.66347080917441, 'Left Curve')",0.024001840955117863,0.0,1.643125,3.293125,0.0,0.0,0.0,0.0,0.0,0.0,21.0,7.9,0
63,0,370,334,314,1.271875,1.148125,1.0793750000000002,0.17187500000000003,0.04812500000000001,-0.020625000000000004,"(41.40339890772675, 'Left Curve')",0.024152606461818254,0.0,1.643125,3.293125,0.0,0.0,0.0,0.0,0.0,0.0,21.0,8.9,0
64,0,372,335,314,1.2787500000000003,1.1515625,1.0793750000000002,0.17875000000000002,0.051562500000000004,-0.020625000000000004,"(39.934803413283525, 'Left Curve')",0.025040814390671816,0.0,1.643125,3.293125,0.0,0.0,0.0,0.0,0.0,0.0,21.0,7.6,0
65,0,372,335,314,1.2787500000000003,1.1515625,1.0793750000000002,0.17875000000000002,0.051562500000000004,-0.020625000000000004,"(39.97939382963398, 'Left Curve')",0.025012885494496134,0.0,1.643125,3.293125,0.0,0.0,0.0,0.0,0.0,0.0,21.0,5.2,0
66,0,369,334,314,1.2684375,1.148125,1.0793750000000002,0.16843750000000002,0.04812500000000001,-0.020625000000000004,"(41.52977099319945, 'Left Curve')",0.0240791118295295,0.0,1.643125,3.293125,0.0,0.0,0.0,0.0,0.0,0.0,21.0,7.6,0
67,0,374,335,314,1.2856250000000002,1.1515625,1.0793750000000002,0.185625,0.051562500000000004,-0.020625000000000004,"(39.324684129918424, 'Left Curve')",0.025429320594064095,0.0,1.643125,3.293125,0.0,0.0,0.0,0.0,0.0,0.0,21.0,8.9,0
68,0,367,334,314,1.2615625000000001,1.148125,1.0793750000000002,0.16156250000000003,0.04812500000000001,-0.020625000000000004,"(42.107996798835444, 'Left Curve')",0.023748458155759534,0.0,1.643125,3.293125,0.0,0.0,0.0,0.0,0.0,0.0,21.0,7.4,0
69,0,370,335,314,1.271875,1.1515625,1.0793750000000002,0.17187500000000003,0.051562500000000004,-0.020625000000000004,"(39.770046714945764, 'Left Curve')",0.025144551807232237,0.0,1.643125,3.293125,0.0,0.0,0.0,0.0,0.0,0.0,21.0,7.3,0
70,0,370,335,314,1.271875,1.1515625,1.0793750000000002,0.17187500000000003,0.051562500000000004,-0.020625000000000004,"(40.48278343154823, 'Left Curve')",0.02470185879611974,0.0,1.643125,3.293125,0.0,0.0,0.0,0.0,0.0,0.0,21.0,7.3,0
71,0,371,335,314,1.2753125,1.1515625,1.0793750000000002,0.1753125,0.051562500000000004,-0.020625000000000004,"(40.44482801880769, 'Left Curve')",0.024725040233450346,0.0,1.643125,3.293125,0.0,0.0,0.0,0.0,0.0,0.0,21.0,7.4,0
72,0,373,335,314,1.2821875000000003,1.1515625,1.0793750000000002,0.18218750000000003,0.051562500000000004,-0.020625000000000004,"(39.47819172249177, 'Left Curve')",0.025330440842615227,0.0,1.643125,3.293125,0.0,0.0,0.0,0.0,0.0,0.0,21.0,6.2,0
73,0,370,335,314,1.271875,1.1515625,1.0793750000000002,0.17187500000000003,0.051562500000000004,-0.020625000000000004,"(40.37455190642089, 'Left Curve')",0.024768076740957386,0.0,1.643125,3.293125,0.0,0.0,0.0,0.0,0.0,0.0,21.0,8.2,0
74,0,366,334,314,1.2581250000000002,1.148125,1.0793750000000002,0.15812500000000002,0.04812500000000001,-0.020625000000000004,"(44.207633257552075, 'Left Curve')",0.022620527866172704,0.0,1.643125,3.293125,0.0,0.0,0.0,0.0,0.0,0.0,21.0,8.5,0
75,0,366,335,313,1.2581250000000002,1.1515625,1.0759375000000002,0.15812500000000002,0.051562500000000004,-0.024062500000000004,"(43.442220047610135, 'Left Curve')",0.02301908141213912,0.0,1.643125,3.293125,0.0,0.0,0.0,0.0,0.0,0.0,21.0,7.0,0
76,0,369,334,314,1.2684375,1.148125,1.0793750000000002,0.16843750000000002,0.04812500000000001,-0.020625000000000004,"(41.7051401143184, 'Left Curve')",0.023977859737645997,0.0,1.643125,3.293125,0.0,0.0,0.0,0.0,0.0,0.0,21.0,6.9,0
77,0,369,334,314,1.2684375,1.148125,1.0793750000000002,0.16843750000000002,0.04812500000000001,-0.020625000000000004,"(41.98612255286889, 'Left Curve')",0.023817393443293096,0.0,1.643125,3.293125,0.0,0.0,0.0,0.0,0.0,0.0,21.0,7.2,0
78,0,369,335,314,1.2684375,1.1515625,1.0793750000000002,0.16843750000000002,0.051562500000000004,-0.020625000000000004,"(40.9106374853948, 'Left Curve')",0.02444352035230452,0.0,1.643125,3.293125,0.0,0.0,0.0,0.0,0.0,0.0,21.0,7.2,0
79,0,375,335,315,1.2890625000000002,1.1515625,1.0828125000000002,0.18906250000000002,0.051562500000000004,-0.0171875,"(38.62207803499524, 'Left Curve')",0.025891926350879044,0.0,1.643125,3.293125,0.0,0.0,0.0,0.0,0.0,0.0,21.0,7.4,0
80,0,371,334,314,1.2753125,1.148125,1.0793750000000002,0.1753125,0.04812500000000001,-0.020625000000000004,"(39.64004314723445, 'Left Curve')",0.025227015931484086,0.0,1.643125,3.293125,0.0,0.0,0.0,0.0,0.0,0.0,21.0,7.1,0
81,0,368,335,314,1.2650000000000001,1.1515625,1.0793750000000002,0.16500000000000004,0.051562500000000004,-0.020625000000000004,"(42.013935395992206, 'Left Curve')",0.023801626545448346,0.0,1.643125,3.293125,0.0,0.0,0.0,0.0,0.0,0.0,21.0,8.1,0
82,0,367,334,314,1.2615625000000001,1.148125,1.0793750000000002,0.16156250000000003,0.04812500000000001,-0.020625000000000004,"(42.69005450089882, 'Left Curve')",0.023424659717380905,0.0,1.643125,3.293125,0.0,0.0,0.0,0.0,0.0,0.0,21.0,8.8,0
83,0,369,334,314,1.2684375,1.148125,1.0793750000000002,0.16843750000000002,0.04812500000000001,-0.020625000000000004,"(41.495207107628545, 'Left Curve')",0.024099168788487824,0.0,1.643125,3.293125,0.0,0.0,0.0,0.0,0.0,0.0,21.0,8.4,0
84,0,369,334,314,1.2684375,1.148125,1.0793750000000002,0.16843750000000002,0.04812500000000001,-0.020625000000000004,"(41.41857156913683, 'Left Curve')",0.02414375875640175,0.0,1.643125,3.293125,0.0,0.0,0.0,0.0,0.0,0.0,21.0,7.0,0
85,0,366,335,313,1.2581250000000002,1.1515625,1.0759375000000002,0.15812500000000002,0.051562500000000004,-0.024062500000000004,"(43.379086686825545, 'Left Curve')",0.023052583085012374,0.0,1.643125,3.293125,0.0,0.0,0.0,0.0,0.0,0.0,21.0,8.2,0
86,0,365,335,313,1.2546875000000002,1.1515625,1.0759375000000002,0.15468750000000003,0.051562500000000004,-0.024062500000000004,"(44.16596945965145, 'Left Curve')",0.02264186685437906,0.0,1.643125,3.293125,0.0,0.0,0.0,0.0,0.0,0.0,21.0,8.5,0
87,0,370,334,314,1.271875,1.148125,1.0793750000000002,0.17187500000000003,0.04812500000000001,-0.020625000000000004,"(40.16324740277818, 'Left Curve')",0.024898385082547575,0.0,1.643125,3.293125,0.0,0.0,0.0,0.0,0.0,0.0,21.0,8.1,0
88,0,369,334,314,1.2684375,1.148125,1.0793750000000002,0.16843750000000002,0.04812500000000001,-0.020625000000000004,"(41.991622083892466, 'Left Curve')",0.023814274142641163,0.0,1.643125,3.293125,0.0,0.0,0.0,0.0,0.0,0.0,21.0,8.5,0
89,0,368,334,314,1.2650000000000001,1.148125,1.0793750000000002,0.16500000000000004,0.04812500000000001,-0.020625000000000004,"(42.04474689683228, 'Left Curve')",0.02378418408496453,0.0,1.643125,3.293125,0.0,0.0,0.0,0.0,0.0,0.0,21.0,6.5,0
90,0,370,335,314,1.271875,1.1515625,1.0793750000000002,0.17187500000000003,0.051562500000000004,-0.020625000000000004,"(39.81016390577917, 'Left Curve')",0.025119213333729375,0.0,1.643125,3.293125,0.0,0.0,0.0,0.0,0.0,0.0,21.0,8.6,0
91,0,368,334,314,1.2650000000000001,1.148125,1.0793750000000002,0.16500000000000004,0.04812500000000001,-0.020625000000000004,"(42.12293222211836, 'Left Curve')",0.023740037724033592,0.0,1.643125,3.293125,0.0,0.0,0.0,0.0,0.0,0.0,21.0,8.9,0
92,0,370,334,314,1.271875,1.148125,1.0793750000000002,0.17187500000000003,0.04812500000000001,-0.020625000000000004,"(41.8017304944824, 'Left Curve')",0.023922454601059986,0.0,1.643125,3.293125,0.0,0.0,0.0,0.0,0.0,0.0,21.0,8.6,0
93,0,368,335,314,1.2650000000000001,1.1515625,1.0793750000000002,0.16500000000000004,0.051562500000000004,-0.020625000000000004,"(40.85546122350253, 'Left Curve')",0.02447653190180459,0.0,1.643125,3.293125,0.0,0.0,0.0,0.0,0.0,0.0,21.0,8.9,0
94,0,369,334,314,1.2684375,1.148125,1.0793750000000002,0.16843750000000002,0.04812500000000001,-0.020625000000000004,"(41.200853772480386, 'Left Curve')",0.02427134169408737,0.0,1.643125,3.293125,0.0,0.0,0.0,0.0,0.0,0.0,21.0,8.4,0
95,0,369,334,314,1.2684375,1.148125,1.0793750000000002,0.16843750000000002,0.04812500000000001,-0.020625000000000004,"(40.979852663785856, 'Left Curve')",0.024402235122814534,0.0,1.643125,3.293125,0.0,0.0,0.0,0.0,0.0,0.0,21.0,8.5,0
96,0,369,334,314,1.2684375,1.148125,1.0793750000000002,0.16843750000000002,0.04812500000000001,-0.020625000000000004,"(41.18733176666731, 'Left Curve')",0.02427931009624893,0.0,1.643125,3.293125,0.0,0.0,0.0,0.0,0.0,0.0,21.0,9.1,0
97,0,370,335,314,1.271875,1.1515625,1.0793750000000002,0.17187500000000003,0.051562500000000004,-0.020625000000000004,"(39.75336611256984, 'Left Curve')",0.025155102518068382,0.0,1.643125,3.293125,0.0,0.0,0.0,0.0,0.0,0.0,21.0,8.4,0
98,0,370,334,314,1.271875,1.148125,1.0793750000000002,0.17187500000000003,0.04812500000000001,-0.020625000000000004,"(39.825571882375804, 'Left Curve')",0.025109495048896827,0.0,1.643125,3.293125,0.0,0.0,0.0,0.0,0.0,0.0,21.0,9.9,0
99,0,369,334,314,1.2684375,1.148125,1.0793750000000002,0.16843750000000002,0.04812500000000001,-0.020625000000000004,"(41.82432597540409, 'Left Curve')",0.023909530558557632,0.0,1.643125,3.293125,0.0,0.0,0.0,0.0,0.0,0.0,21.0,8.1,0
100,0,368,334,314,1.2650000000000001,1.148125,1.0793750000000002,0.16500000000000004,0.04812500000000001,-0.020625000000000004,"(41.56056063085619, 'Left Curve')",0.024061273111353577,0.0,1.643125,3.293125,0.0,0.0,0.0,0.0,0.0,0.0,21.0,10.1,0
101,0,370,334,314,1.271875,1.148125,1.0793750000000002,0.17187500000000003,0.04812500000000001,-0.020625000000000004,"(41.55535614873571, 'Left Curve')",0.024064286596913793,0.0,1.643125,3.293125,0.0,0.0,0.0,0.0,0.0,0.0,21.0,8.5,0
102,0,372,334,315,1.2787500000000003,1.148125,1.0828125000000002,0.17875000000000002,0.04812500000000001,-0.0171875,"(40.080290205953254, 'Left Curve')",0.0249499191463306,0.0,1.643125,3.293125,0.0,0.0,0.0,0.0,0.0,0.0,21.0,7.0,0
103,0,367,335,314,1.2615625000000001,1.1515625,1.0793750000000002,0.16156250000000003,0.051562500000000004,-0.020625000000000004,"(41.95244586410246, 'Left Curve')",0.02383651249415406,0.0,1.643125,3.293125,0.0,0.0,0.0,0.0,0.0,0.0,21.0,7.6,0
104,0,366,335,313,1.2581250000000002,1.1515625,1.0759375000000002,0.15812500000000002,0.051562500000000004,-0.024062500000000004,"(44.47090674313971, 'Left Curve')",0.022486611432861434,0.0,1.643125,3.293125,0.0,0.0,0.0,0.0,0.0,0.0,21.0,9.0,0
105,0,370,334,314,1.271875,1.148125,1.0793750000000002,0.17187500000000003,0.04812500000000001,-0.020625000000000004,"(41.01155571748787, 'Left Curve')",0.024383371527980997,0.0,1.643125,3.293125,0.0,0.0,0.0,0.0,0.0,0.0,21.0,8.0,0
106,0,370,334,314,1.271875,1.148125,1.0793750000000002,0.17187500000000003,0.04812500000000001,-0.020625000000000004,"(41.21802145318897, 'Left Curve')",0.02426123245958551,0.0,1.643125,3.293125,0.0,0.0,0.0,0.0,0.0,0.0,21.0,6.5,0
107,0,367,334,314,1.2615625000000001,1.148125,1.0793750000000002,0.16156250000000003,0.04812500000000001,-0.020625000000000004,"(41.73331906901984, 'Left Curve')",0.02396166953187139,0.0,1.643125,3.293125,0.0,0.0,0.0,0.0,0.0,0.0,21.0,8.4,0
108,0,369,334,314,1.2684375,1.148125,1.0793750000000002,0.16843750000000002,0.04812500000000001,-0.020625000000000004,"(41.02706993066133, 'Left Curve')",0.024374151059046414,0.0,1.643125,3.293125,0.0,0.0,0.0,0.0,0.0,0.0,21.0,9.7,0
109,0,370,335,314,1.271875,1.1515625,1.0793750000000002,0.17187500000000003,0.051562500000000004,-0.020625000000000004,"(42.07542992518313, 'Left Curve')",0.0237668397394432,0.0,1.643125,3.293125,0.0,0.0,0.0,0.0,0.0,0.0,21.0,8.9,0
110,0,366,334,314,1.2581250000000002,1.148125,1.0793750000000002,0.15812500000000002,0.04812500000000001,-0.020625000000000004,"(43.409936899805366, 'Left Curve')",0.023036200266959697,0.0,1.643125,3.293125,0.0,0.0,0.0,0.0,0.0,0.0,21.0,6.5,0
111,0,366,334,314,1.2581250000000002,1.148125,1.0793750000000002,0.15812500000000002,0.04812500000000001,-0.020625000000000004,"(44.832312586108145, 'Left Curve')",0.022305340552739243,0.0,1.643125,3.293125,0.0,0.0,0.0,0.0,0.0,0.0,21.0,9.0,0
112,0,369,334,314,1.2684375,1.148125,1.0793750000000002,0.16843750000000002,0.04812500000000001,-0.020625000000000004,"(41.4260099587902, 'Left Curve')",0.02413942354078466,0.0,1.643125,3.293125,0.0,0.0,0.0,0.0,0.0,0.0,21.0,7.2,0
113,0,369,334,314,1.2684375,1.148125,1.0793750000000002,0.16843750000000002,0.04812500000000001,-0.020625000000000004,"(41.58137229891571, 'Left Curve')",0.02404923033350865,0.0,1.643125,3.293125,0.0,0.0,0.0,0.0,0.0,0.0,21.0,7.5,0
114,0,367,334,314,1.2615625000000001,1.148125,1.0793750000000002,0.16156250000000003,0.04812500000000001,-0.020625000000000004,"(43.44306471980856, 'Left Curve')",0.023018633847534102,0.0,1.643125,3.293125,0.0,0.0,0.0,0.0,0.0,0.0,21.0,8.9,0
115,0,370,335,314,1.271875,1.1515625,1.0793750000000002,0.17187500000000003,0.051562500000000004,-0.020625000000000004,"(39.69379734821811, 'Left Curve')",0.025192852959554167,0.0,1.643125,3.293125,0.0,0.0,0.0,0.0,0.0,0.0,21.0,8.6,0
116,0,367,335,314,1.2615625000000001,1.1515625,1.0793750000000002,0.16156250000000003,0.051562500000000004,-0.020625000000000004,"(42.171848851965336, 'Left Curve')",0.023712500808543445,0.0,1.643125,3.293125,0.0,0.0,0.0,0.0,0.0,0.0,21.0,8.0,0
117,0,368,334,314,1.2650000000000001,1.148125,1.0793750000000002,0.16500000000000004,0.04812500000000001,-0.020625000000000004,"(42.1815664305408, 'Left Curve')",0.023707038041052172,0.0,1.643125,3.293125,0.0,0.0,0.0,0.0,0.0,0.0,21.0,9.5,0
118,0,369,335,314,1.2684375,1.1515625,1.0793750000000002,0.16843750000000002,0.051562500000000004,-0.020625000000000004,"(41.730222148867355, 'Left Curve')",0.023963447796482483,0.0,1.643125,3.293125,0.0,0.0,0.0,0.0,0.0,0.0,21.0,9.2,0
119,0,368,335,314,1.2650000000000001,1.1515625,1.0793750000000002,0.16500000000000004,0.051562500000000004,-0.020625000000000004,"(40.38354138133195, 'Left Curve')",0.02476256330660165,0.0,1.643125,3.293125,0.0,0.0,0.0,0.0,0.0,0.0,21.0,8.5,0
120,0,367,335,314,1.2615625000000001,1.1515625,1.0793750000000002,0.16156250000000003,0.051562500000000004,-0.020625000000000004,"(41.4465575475899, 'Left Curve')",0.024127456154875514,0.0,1.643125,3.293125,0.0,0.0,0.0,0.0,0.0,0.0,21.0,7.0,0
121,0,367,334,314,1.2615625000000001,1.148125,1.0793750000000002,0.16156250000000003,0.04812500000000001,-0.020625000000000004,"(43.32445013143019, 'Left Curve')",0.023081654746139275,0.0,1.643125,3.293125,0.0,0.0,0.0,0.0,0.0,0.0,21.0,8.1,0
122,0,370,334,314,1.271875,1.148125,1.0793750000000002,0.17187500000000003,0.04812500000000001,-0.020625000000000004,"(41.01364430465838, 'Left Curve')",0.024382129824206303,0.0,1.643125,3.293125,0.0,0.0,0.0,0.0,0.0,0.0,21.0,8.3,0
123,0,371,335,314,1.2753125,1.1515625,1.0793750000000002,0.1753125,0.051562500000000004,-0.020625000000000004,"(40.949334705119675, 'Left Curve')",0.024420421166817526,0.0,1.643125,3.293125,0.0,0.0,0.0,0.0,0.0,0.0,21.0,7.3,0
124,0,368,335,314,1.2650000000000001,1.1515625,1.0793750000000002,0.16500000000000004,0.051562500000000004,-0.020625000000000004,"(41.258091919371864, 'Left Curve')",0.024237669593500304,0.0,1.643125,3.293125,0.0,0.0,0.0,0.0,0.0,0.0,21.0,6.5,0
125,0,371,334,314,1.2753125,1.148125,1.0793750000000002,0.1753125,0.04812500000000001,-0.020625000000000004,"(40.36559433165894, 'Left Curve')",0.02477357305292282,0.0,1.643125,3.293125,0.0,0.0,0.0,0.0,0.0,0.0,21.0,7.8,0
126,0,370,335,314,1.271875,1.1515625,1.0793750000000002,0.17187500000000003,0.051562500000000004,-0.020625000000000004,"(41.75945965762814, 'Left Curve')",0.02394667000480049,0.0,1.643125,3.293125,0.0,0.0,0.0,0.0,0.0,0.0,21.0,7.7,0
127,0,370,334,314,1.271875,1.148125,1.0793750000000002,0.17187500000000003,0.04812500000000001,-0.020625000000000004,"(40.75183782498263, 'Left Curve')",0.024538770602069805,0.0,1.643125,3.293125,0.0,0.0,0.0,0.0,0.0,0.0,21.0,7.6,0
128,0,367,334,314,1.2615625000000001,1.148125,1.0793750000000002,0.16156250000000003,0.04812500000000001,-0.020625000000000004,"(41.94949836492073, 'Left Curve')",0.02383818731992815,0.0,1.643125,3.293125,0.0,0.0,0.0,0.0,0.0,0.0,21.0,8.8,0
129,0,367,334,314,1.2615625000000001,1.148125,1.0793750000000002,0.16156250000000003,0.04812500000000001,-0.020625000000000004,"(42.40503517366207, 'Left Curve')",0.023582105188798518,0.0,1.643125,3.293125,0.0,0.0,0.0,0.0,0.0,0.0,21.0,8.2,0
130,0,372,335,314,1.2787500000000003,1.1515625,1.0793750000000002,0.17875000000000002,0.051562500000000004,-0.020625000000000004,"(38.81882211495669, 'Left Curve')",0.025760699205108165,0.0,1.643125,3.293125,0.0,0.0,0.0,0.0,0.0,0.0,21.0,8.0,0
131,0,369,334,314,1.2684375,1.148125,1.0793750000000002,0.16843750000000002,0.04812500000000001,-0.020625000000000004,"(41.584649179899074, 'Left Curve')",0.024047335248011992,0.0,1.643125,3.293125,0.0,0.0,0.0,0.0,0.0,0.0,21.0,10.1,0
132,0,364,334,314,1.2512500000000002,1.148125,1.0793750000000002,0.15125000000000002,0.04812500000000001,-0.020625000000000004,"(44.40793262555127, 'Left Curve')",0.02251849930578898,0.0,1.643125,3.293125,0.0,0.0,0.0,0.0,0.0,0.0,21.0,8.5,0
133,0,368,334,314,1.2650000000000001,1.148125,1.0793750000000002,0.16500000000000004,0.04812500000000001,-0.020625000000000004,"(41.09993268220254, 'Left Curve')",0.024330940095019397,0.0,1.643125,3.293125,0.0,0.0,0.0,0.0,0.0,0.0,21.0,7.2,0
134,0,368,335,314,1.2650000000000001,1.1515625,1.0793750000000002,0.16500000000000004,0.051562500000000004,-0.020625000000000004,"(41.1912483566139, 'Left Curve')",0.0242770015451458,0.0,1.643125,3.293125,0.0,0.0,0.0,0.0,0.0,0.0,21.0,8.3,0
135,0,366,335,314,1.2581250000000002,1.1515625,1.0793750000000002,0.15812500000000002,0.051562500000000004,-0.020625000000000004,"(43.444443165299035, 'Left Curve')",0.023017903491020997,0.0,1.643125,3.293125,0.0,0.0,0.0,0.0,0.0,0.0,21.0,7.5,0
136,0,367,334,314,1.2615625000000001,1.148125,1.0793750000000002,0.16156250000000003,0.04812500000000001,-0.020625000000000004,"(42.67046599747398, 'Left Curve')",0.02343541315108202,0.0,1.643125,3.293125,0.0,0.0,0.0,0.0,0.0,0.0,21.0,8.0,0
137,0,366,335,313,1.2581250000000002,1.1515625,1.0759375000000002,0.15812500000000002,0.051562500000000004,-0.024062500000000004,"(41.72320418539334, 'Left Curve')",0.023967478517627483,0.0,1.643125,3.293125,0.0,0.0,0.0,0.0,0.0,0.0,21.0,9.8,0
138,0,369,334,314,1.2684375,1.148125,1.0793750000000002,0.16843750000000002,0.04812500000000001,-0.020625000000000004,"(41.94566904437004, 'Left Curve')",0.023840363565120443,0.0,1.643125,3.293125,0.0,0.0,0.0,0.0,0.0,0.0,21.0,8.8,0
139,0,370,334,314,1.271875,1.148125,1.0793750000000002,0.17187500000000003,0.04812500000000001,-0.020625000000000004,"(40.75809472559592, 'Left Curve')",0.024535003579841137,0.0,1.643125,3.293125,0.0,0.0,0.0,0.0,0.0,0.0,21.0,7.8,0
140,0,366,334,314,1.2581250000000002,1.148125,1.0793750000000002,0.15812500000000002,0.04812500000000001,-0.020625000000000004,"(43.870533729902434, 'Left Curve')",0.022794343149702637,0.0,1.643125,3.293125,0.0,0.0,0.0,0.0,0.0,0.0,21.0,8.8,0
141,0,369,334,314,1.2684375,1.148125,1.0793750000000002,0.16843750000000002,0.04812500000000001,-0.020625000000000004,"(41.10873296048396, 'Left Curve')",0.02432573149265526,0.0,1.643125,3.293125,0.0,0.0,0.0,0.0,0.0,0.0,21.0,7.4,0
142,0,367,334,314,1.2615625000000001,1.148125,1.0793750000000002,0.16156250000000003,0.04812500000000001,-0.020625000000000004,"(42.87443420330514, 'Left Curve')",0.02332392295273511,0.0,1.643125,3.293125,0.0,0.0,0.0,0.0,0.0,0.0,21.0,9.9,0
143,0,367,335,314,1.2615625000000001,1.1515625,1.0793750000000002,0.16156250000000003,0.051562500000000004,-0.020625000000000004,"(41.213116432981934, 'Left Curve')",0.024264119934393567,0.0,1.643125,3.293125,0.0,0.0,0.0,0.0,0.0,0.0,21.0,8.6,0
144,0,369,334,314,1.2684375,1.148125,1.0793750000000002,0.16843750000000002,0.04812500000000001,-0.020625000000000004,"(41.1617037885294, 'Left Curve')",0.02429442680841291,0.0,1.643125,3.293125,0.0,0.0,0.0,0.0,0.0,0.0,21.0,9.2,0
145,0,367,335,313,1.2615625000000001,1.1515625,1.0759375000000002,0.16156250000000003,0.051562500000000004,-0.024062500000000004,"(42.90289473202134, 'Left Curve')",0.02330845054270038,0.0,1.643125,3.293125,0.0,0.0,0.0,0.0,0.0,0.0,21.0,8.0,0
146,0,371,335,314,1.2753125,1.1515625,1.0793750000000002,0.1753125,0.051562500000000004,-0.020625000000000004,"(40.40800317319113, 'Left Curve')",0.02474757279427889,0.0,1.643125,3.293125,0.0,0.0,0.0,0.0,0.0,0.0,21.0,8.9,0
147,0,367,334,314,1.2615625000000001,1.148125,1.0793750000000002,0.16156250000000003,0.04812500000000001,-0.020625000000000004,"(42.52389978351232, 'Left Curve')",0.023516187487294553,0.0,1.643125,3.293125,0.0,0.0,0.0,0.0,0.0,0.0,21.0,7.9,0
148,0,370,334,314,1.271875,1.148125,1.0793750000000002,0.17187500000000003,0.04812500000000001,-0.020625000000000004,"(39.139045600852754, 'Left Curve')",0.02554993318432405,0.0,1.643125,3.293125,0.0,0.0,0.0,0.0,0.0,0.0,21.0,8.1,0
149,0,371,334,314,1.2753125,1.148125,1.0793750000000002,0.1753125,0.04812500000000001,-0.020625000000000004,"(39.16000166395843, 'Left Curve')",0.02553626040624934,0.0,1.643125,3.293125,0.0,0.0,0.0,0.0,0.0,0.0,21.0,8.5,0
150,0,369,334,314,1.2684375,1.148125,1.0793750000000002,0.16843750000000002,0.04812500000000001,-0.020625000000000004,"(41.315964907746114, 'Left Curve')",0.024203718882831057,0.0,1.643125,3.293125,0.0,0.0,0.0,0.0,0.0,0.0,21.0,9.2,0
151,0,369,334,314,1.2684375,1.148125,1.0793750000000002,0.16843750000000002,0.04812500000000001,-0.020625000000000004,"(40.70589712393608, 'Left Curve')",0.024566465073975117,0.0,1.643125,3.293125,0.0,0.0,0.0,0.0,0.0,0.0,21.0,8.0,0
152,0,373,335,314,1.2821875000000003,1.1515625,1.0793750000000002,0.18218750000000003,0.051562500000000004,-0.020625000000000004,"(40.18742017773284, 'Left Curve')",0.024883408678073912,0.0,1.643125,3.293125,0.0,0.0,0.0,0.0,0.0,0.0,21.0,8.1,0
153,0,368,334,314,1.2650000000000001,1.148125,1.0793750000000002,0.16500000000000004,0.04812500000000001,-0.020625000000000004,"(42.80582013718801, 'Left Curve')",0.02336130920503587,0.0,1.643125,3.293125,0.0,0.0,0.0,0.0,0.0,0.0,21.0,7.7,0
154,0,369,334,314,1.2684375,1.148125,1.0793750000000002,0.16843750000000002,0.04812500000000001,-0.020625000000000004,"(41.110086520233146, 'Left Curve')",0.02432493056193959,0.0,1.643125,3.293125,0.0,0.0,0.0,0.0,0.0,0.0,21.0,8.3,0
155,0,366,334,314,1.2581250000000002,1.148125,1.0793750000000002,0.15812500000000002,0.04812500000000001,-0.020625000000000004,"(43.624197628165184, 'Left Curve')",0.022923057714977154,0.0,1.643125,3.293125,0.0,0.0,0.0,0.0,0.0,0.0,21.0,8.1,0
156,0,366,335,313,1.2581250000000002,1.1515625,1.0759375000000002,0.15812500000000002,0.051562500000000004,-0.024062500000000004,"(42.531544803227135, 'Left Curve')",0.023511960466672813,0.0,1.643125,3.293125,0.0,0.0,0.0,0.0,0.0,0.0,21.0,9.1,0
157,0,371,334,314,1.2753125,1.148125,1.0793750000000002,0.1753125,0.04812500000000001,-0.020625000000000004,"(40.06114517845313, 'Left Curve')",0.02496184259200482,0.0,1.643125,3.293125,0.0,0.0,0.0,0.02994030915215167,1.7154533517352029,10.277139171982078,31.27713917198208,9.1,0
158,0,370,334,314,1.271875,1.148125,1.0793750000000002,0.17187500000000003,0.04812500000000001,-0.020625000000000004,"(40.44697800338199, 'Left Curve')",0.02472372595837406,0.0,1.643125,3.293125,0.0,0.0,0.0,0.029773789930847637,1.7059125031466769,10.272816951756974,31.272816951756973,6.6,0
159,5,366,334,314,1.2581250000000002,1.148125,1.0793750000000002,0.15812500000000002,0.04812500000000001,-0.020625000000000004,"(42.76028220505877, 'Left Curve')",0.023386188033195313,0.0,1.643125,3.293125,0.0,0.0,0.0,0.028838397521630404,1.6523184659099552,10.248537640588768,31.24853764058877,7.2,0
160,5,365,334,314,1.2546875000000002,1.148125,1.0793750000000002,0.15468750000000003,0.04812500000000001,-0.020625000000000004,"(44.113280010384784, 'Left Curve')",0.022668910581226068,0.0,1.643125,3.293125,0.0,0.0,0.0,0.028336758128566508,1.62357664584989,10.23551694596006,31.235516945960057,7.1,0
161,5,370,334,314,1.271875,1.148125,1.0793750000000002,0.17187500000000003,0.04812500000000001,-0.020625000000000004,"(40.711505183778485, 'Left Curve')",0.024563081013237762,0.0,1.643125,3.293125,0.0,0.0,0.0,0.029661448047848656,1.6994757873882826,10.26990097391957,31.26990097391957,6.2,0
162,5,367,334,314,1.2615625000000001,1.148125,1.0793750000000002,0.16156250000000003,0.04812500000000001,-0.020625000000000004,"(42.39940390851712, 'Left Curve')",0.023585237239600005,0.0,1.643125,3.293125,0.0,0.0,0.0,0.0289776041902916,1.660294420504318,10.252150928436532,31.25215092843653,6.9,0
163,5,365,335,314,1.2546875000000002,1.1515625,1.0793750000000002,0.15468750000000003,0.051562500000000004,-0.020625000000000004,"(42.47134960965359, 'Left Curve')",0.023545284272593576,0.0,1.643125,3.293125,0.0,0.0,0.0,0.02984014008906199,1.7097140871823846,10.274539155317182,31.274539155317182,8.1,0
164,5,370,335,314,1.271875,1.1515625,1.0793750000000002,0.17187500000000003,0.051562500000000004,-0.020625000000000004,"(40.43876826464508, 'Left Curve')",0.024728745283626327,0.0,1.643125,3.293125,0.0,0.0,0.0,0.030667735812110783,1.757131829256158,10.296020465068452,31.29602046506845,7.8,0
165,5,368,335,314,1.2650000000000001,1.1515625,1.0793750000000002,0.16500000000000004,0.051562500000000004,-0.020625000000000004,"(41.009607434810334, 'Left Curve')",0.024384529932153565,0.0,1.643125,3.293125,0.0,0.0,0.0,0.030427029124636993,1.7433403519633355,10.289772613890852,31.289772613890854,7.3,0
166,5,373,336,315,1.2821875000000003,1.1550000000000002,1.0828125000000002,0.18218750000000003,0.05500000000000001,-0.0171875,"(38.39685569880642, 'Left Curve')",0.026043799207003435,0.0,1.643125,3.293125,0.0,0.0,0.0,0.03247763659583081,1.8608315055007358,10.342998764099434,31.342998764099434,7.6,0
167,5,373,335,315,1.2821875000000003,1.1515625,1.0828125000000002,0.18218750000000003,0.051562500000000004,-0.0171875,"(38.68051026805434, 'Left Curve')",0.025852813033490026,0.0,1.643125,3.293125,0.0,0.0,0.0,0.031453755870325895,1.8021674612045113,10.316422625049443,31.31642262504944,6.8,0
168,5,370,334,314,1.271875,1.148125,1.0793750000000002,0.17187500000000003,0.04812500000000001,-0.020625000000000004,"(40.34592939211083, 'Left Curve')",0.024785647897245817,0.0,1.643125,3.293125,0.0,0.0,0.0,0.02981709284946711,1.7083935776241712,10.273940934617317,31.273940934617315,7.2,0
169,5,374,336,315,1.2856250000000002,1.1550000000000002,1.0828125000000002,0.185625,0.05500000000000001,-0.0171875,"(43.468703353365015, 'Left Curve')",0.023005057037722466,0.0,1.643125,3.293125,0.0,0.0,0.0,0.030352812635244808,1.7390880603508858,10.287846229603348,31.287846229603346,9.0,0
170,5,373,335,311,1.2821875000000003,1.1515625,1.0690625000000002,0.18218750000000003,0.051562500000000004,-0.030937500000000003,"(38.882603866884025, 'Left Curve')",0.02571844219650349,0.0,1.643125,3.293125,0.0,0.0,0.0,0.031359799876563975,1.7967841793019959,10.313983876577481,31.31398387657748,8.0,0
171,5,356,330,306,1.2237500000000001,1.1343750000000001,1.0518750000000001,0.12375000000000001,0.034375,-0.04812500000000001,"(60.40113681372674, 'Left Curve')",0.016555979783690767,0.0,1.643125,3.293125,0.0,0.0,0.0,0.02049780763988519,1.1744378670364362,10.032046919614505,31.032046919614505,7.4,0
172,5,412,328,309,1.4162500000000002,1.1275000000000002,1.0621875,0.31625000000000003,0.027500000000000004,-0.037812500000000006,"(36.83862281702864, 'Left Curve')",0.027145423024276312,0.0,1.643125,3.293125,0.0,0.0,0.0,0.026124242034196575,1.4968088115377243,10.178088249521494,31.178088249521494,7.9,0
173,5,346,328,306,1.189375,1.1275000000000002,1.0518750000000001,0.08937500000000001,0.027500000000000004,-0.04812500000000001,"(68.56985328608519, 'Left Curve')",0.014583668362652439,0.0,1.643125,3.293125,0.0,0.0,0.0,0.01733593726029589,0.9932760389185419,9.949976513586916,30.94997651358692,7.1,0
174,5,340,322,302,1.1687500000000002,1.106875,1.0381250000000002,0.06875,0.006875000000000001,-0.061875000000000006,"(61.66316425129773, 'Left Curve')",0.016217137283527493,0.0,1.643125,3.293125,0.0,0.0,0.0,0.013132738476536617,0.7524504881546147,9.840877091604094,30.840877091604092,8.2,0
175,5,337,320,301,1.1584375000000002,1.1,1.0346875000000002,0.05843750000000001,0.0,-0.06531250000000001,"(64.45094664240362, 'Left Curve')",0.015515675906955247,0.0,1.643125,3.293125,0.0,0.0,0.0,0.010859585681486882,0.6222084268098983,9.781874491732582,30.78187449173258,7.5,0
176,5,331,316,296,1.1378125000000001,1.0862500000000002,1.0175,0.037812500000000006,-0.013750000000000002,-0.08250000000000002,"(71.43149790625716, 'Left Curve')",0.013999426433872994,0.0,1.643125,3.293125,0.0,0.0,0.0,0.006233650221534029,0.35716184865469053,9.661802396460583,30.661802396460583,8.3,0
177,5,323,311,291,1.1103125,1.0690625000000002,1.0003125000000002,0.010312500000000002,-0.030937500000000003,-0.09968750000000001,"(151.44196504830086, 'Left Curve')",0.006603189543143212,0.0,1.643125,3.293125,0.0,0.0,0.0,-0.00339940421583166,-0.1947715144261333,9.411764098222948,30.411764098222946,7.4,0
178,5,320,308,290,1.1,1.05875,0.9968750000000002,0.0,-0.04125000000000001,-0.10312500000000001,"(77269.55005703116, 'Left Curve')",1.2941708593642896e-05,0.0,1.643125,3.293125,0.0,0.0,0.0,-0.010685514206571,-0.6122348659636008,9.222643756933266,30.222643756933266,7.6,0
179,5,258,226,197,0.8868750000000001,0.7768750000000001,0.6771875,-0.21312500000000004,-0.32312500000000005,-0.42281250000000004,"(139.8477827878907, 'Left Curve')",0.00715063178024578,0.0,1.643125,3.293125,0.0,0.0,0.0,-0.07861017591866183,-4.504031306920262,7.459571936537467,28.459571936537465,7.5,0
180,5,258,224,191,0.8868750000000001,0.7700000000000001,0.6565625,-0.21312500000000004,-0.33000000000000007,-0.44343750000000004,"(1121.0295850031998, 'Left Curve')",0.0008920371178224932,0.0,1.643125,3.293125,0.0,0.0,0.0,-0.0847322496492453,-4.854800293550606,7.300665651180792,28.300665651180793,8.1,0
181,5,241,217,184,0.8284375000000002,0.7459375000000001,0.6325000000000001,-0.27156250000000004,-0.35406250000000006,-0.4675000000000001,"(165.1143246724427, 'Left Curve')",0.006056409714807126,0.0,1.643125,3.293125,0.0,0.0,0.0,-0.08733691069652467,-5.004036378621839,7.2330583289153445,28.233058328915345,7.7,0
182,5,234,211,182,0.8043750000000001,0.7253125000000001,0.6256250000000001,-0.295625,-0.37468750000000006,-0.47437500000000005,"(180.837472696904, 'Left Curve')",0.005529827336594493,0.0,1.643125,3.293125,0.0,0.0,0.0,-0.0930066243467574,-5.328887041827886,7.085893630343729,28.08589363034373,7.8,0
183,5,165,199,170,0.5671875000000001,0.6840625000000001,0.5843750000000001,-0.5328125,-0.41593750000000007,-0.5156250000000001,"(180.73681202912368, 'Left Curve')",0.005532907152522207,0.0,1.643125,3.293125,0.0,0.0,0.0,-0.10359644687012198,-5.935639178209256,6.8110211877973805,27.81102118779738,7.8,0
184,5,224,201,176,0.7700000000000001,0.6909375000000001,0.6050000000000001,-0.33000000000000007,-0.40906250000000005,-0.49500000000000005,"(3507.607221352933, 'Left Curve')",0.00028509463485888427,0.0,1.643125,3.293125,0.0,0.0,0.0,-0.10546642774312752,-6.042781190002663,6.762483432896962,27.762483432896964,7.7,0
185,5,216,195,170,0.7425,0.6703125000000001,0.5843750000000001,-0.35750000000000004,-0.42968750000000006,-0.5156250000000001,"(272.46151159519445, 'Left Curve')",0.0036702431625856013,0.0,1.643125,3.293125,0.0,0.0,0.0,-0.10841061151448309,-6.2114704942122465,6.6860633623289925,27.686063362328994,7.9,0
186,5,258,256,255,0.8868750000000001,0.8800000000000001,0.8765625000000001,-0.21312500000000004,-0.22000000000000003,-0.22343750000000004,"(166.27153374041438, 'Left Curve')",0.0060142585895744186,0.0,1.643125,3.293125,0.0,0.0,0.0,-0.05278136456944626,-3.024149426770608,8.129991903252078,29.129991903252076,8.2,0
187,5,251,248,248,0.8628125000000001,0.8525000000000001,0.8525000000000001,-0.23718750000000002,-0.24750000000000003,-0.24750000000000003,"(313.1640364144824, 'Left Curve')",0.0031932146853429514,0.0,1.643125,3.293125,0.0,0.0,0.0,-0.06185597510809649,-3.5440863113602052,7.894448733533016,28.894448733533018,7.9,0
188,5,242,239,238,0.8318750000000001,0.8215625000000001,0.8181250000000001,-0.26812500000000006,-0.27843750000000006,-0.28187500000000004,"(783.2031707566998, 'Left Curve')",0.0012768079054555407,0.0,1.643125,3.293125,0.0,0.0,0.0,-0.07117715915884824,-4.078150817532937,7.6525054316692405,28.65250543166924,7.9,0
189,5,232,229,231,0.7975000000000001,0.7871875000000002,0.7940625000000001,-0.30250000000000005,-0.31281250000000005,-0.30593750000000003,"(297.32398356712946, 'Left Curve')",0.003363334460955859,0.0,1.643125,3.293125,0.0,0.0,0.0,-0.07858748811392013,-4.502731391462146,7.460160827644149,28.46016082764415,6.4,0
190,5,229,224,228,0.7871875000000002,0.7700000000000001,0.7837500000000001,-0.31281250000000005,-0.33000000000000007,-0.31625000000000003,"(234.05489543799433, 'Straight')",0.004272501962108797,0.0,1.643125,3.293125,0.0,0.0,0.0,-0.08238268404555467,-4.720180100770025,7.361651643626313,28.361651643626313,7.5,0
191,5,219,214,223,0.7528125000000001,0.7356250000000001,0.7665625000000001,-0.34718750000000004,-0.36437500000000006,-0.33343750000000005,"(1067.0133651917033, 'Straight')",0.0009371953835089371,0.0,1.643125,3.293125,0.0,0.0,0.0,-0.09354277523568608,-5.359606224945686,7.071977145521809,28.07197714552181,8.1,0
192,5,346,349,360,1.189375,1.1996875000000002,1.2375000000000003,0.08937500000000001,0.09968750000000001,0.1375,"(516.3860563631722, 'Straight')",0.0019365356358435522,0.0,1.643125,3.293125,0.0,0.0,0.0,0.027194998858396484,1.5581586584492104,10.205881117909199,31.2058811179092,8.4,0
193,5,343,341,355,1.1790625000000001,1.1721875000000002,1.2203125000000001,0.07906250000000001,0.07218750000000002,0.12031250000000002,"(2430.7301710811626, 'Straight')",0.00041139901577607474,0.0,1.643125,3.293125,0.0,0.0,0.0,0.019001921079301865,1.088729880484671,9.993219262987344,30.993219262987346,8.5,0
194,5,344,334,351,1.1825,1.148125,1.2065625000000002,0.08250000000000002,0.04812500000000001,0.10656250000000002,"(169.53728430276385, 'Straight')",0.005898407563342677,0.0,1.643125,3.293125,0.0,0.0,0.0,0.01660449242295893,0.951367336792501,9.930990923546748,30.930990923546748,8.5,0
195,5,350,329,346,1.2031250000000002,1.1309375000000002,1.189375,0.10312500000000001,0.030937500000000003,0.08937500000000001,"(153.29957680688727, 'Straight')",0.006523175215674001,0.0,1.643125,3.293125,0.0,0.0,0.0,0.01258641401055151,0.7211484020089295,9.826696538525244,30.826696538525244,7.6,0
196,5,346,331,334,1.189375,1.1378125000000001,1.148125,0.08937500000000001,0.037812500000000006,0.04812500000000001,"(231.50418471644474, 'Straight')",0.004319576344699076,0.0,1.643125,3.293125,0.0,0.0,0.0,0.0128264977754963,0.7349041884698769,9.832928220948675,30.832928220948673,8.4,0
197,5,340,320,330,1.1687500000000002,1.1,1.1343750000000001,0.06875,0.0,0.034375,"(174.21351111310702, 'Left Curve')",0.005740082922447711,0.0,1.643125,3.293125,0.0,0.0,0.0,0.004017690675192346,0.23019671907758749,9.604284320804176,30.604284320804176,8.0,0
198,5,339,332,320,1.1653125000000002,1.14125,1.1,0.06531250000000001,0.04125000000000001,0.0,"(220.04232662133316, 'Left Curve')",0.004544580196704073,0.0,1.643125,3.293125,0.0,0.0,0.0,0.013875046773617138,0.7949816206748718,9.860144656692249,30.86014465669225,7.2,0
199,5,322,335,313,1.106875,1.1515625,1.0759375000000002,0.006875000000000001,0.051562500000000004,-0.024062500000000004,"(150.36633673378003, 'Left Curve')",0.0066504247009121185,0.0,1.643125,3.293125,0.0,0.0,0.0,0.018021671361934385,1.0325657088106226,9.96777562278245,30.967775622782447,7.7,0
200,5,311,329,307,1.0690625000000002,1.1309375000000002,1.0553125,-0.030937500000000003,0.030937500000000003,-0.044687500000000005,"(101.55044643219212, 'Left Curve')",0.009847322539027202,0.0,1.643125,3.293125,0.0,0.0,0.0,0.014912630651343812,0.8544307977594283,9.8870764786551,30.8870764786551,7.3,0
201,5,294,326,335,1.010625,1.1206250000000002,1.1515625,-0.08937500000000001,0.020625000000000004,0.051562500000000004,"(51.16231653567829, 'Straight')",0.01954563568877193,0.0,1.643125,3.293125,0.0,0.0,0.0,0.019025849225750704,1.0901008622877604,9.993840348755825,30.993840348755825,7.8,0
202,5,279,312,323,0.9590625000000002,1.0725000000000002,1.1103125,-0.14093750000000002,-0.027500000000000004,0.010312500000000002,"(45.67643011659641, 'Straight')",0.02189312950787397,0.0,1.643125,3.293125,0.0,0.0,0.0,0.00819354746075395,0.4694556887413338,9.712674046112467,30.71267404611247,7.1,0
203,5,269,298,318,0.9246875000000001,1.024375,1.0931250000000001,-0.1753125,-0.07562500000000001,-0.006875000000000001,"(86.16086803024103, 'Straight')",0.011606196906570354,0.0,1.643125,3.293125,0.0,0.0,0.0,-0.011483463976463963,-0.6579540200419027,9.201931945966102,30.201931945966102,8.1,0
204,5,255,285,304,0.8765625000000001,0.9796875000000002,1.0450000000000002,-0.22343750000000004,-0.12031250000000002,-0.05500000000000001,"(83.25244299367534, 'Straight')",0.012011659526627581,0.0,1.643125,3.293125,0.0,0.0,0.0,-0.022782485784118144,-1.3053402822467657,8.908651325275624,29.908651325275624,7.5,0
205,5,240,270,289,0.8250000000000001,0.9281250000000001,0.9934375000000001,-0.275,-0.17187500000000003,-0.10656250000000002,"(77.57092051273465, 'Straight')",0.012891428816238325,0.0,1.643125,3.293125,0.0,0.0,0.0,-0.03552445237006599,-2.0354011903182956,8.57791721990266,29.57791721990266,7.5,0
206,5,227,255,279,0.7803125000000001,0.8765625000000001,0.9590625000000002,-0.31968750000000007,-0.22343750000000004,-0.14093750000000002,"(99.1338629765796, 'Straight')",0.010087370450158391,0.0,1.643125,3.293125,0.0,0.0,0.0,-0.05082700845707923,-2.912173069866382,8.180719725840842,29.18071972584084,6.8,0
207,5,363,439,448,1.2478125000000002,1.5090625000000002,1.5400000000000003,0.1478125,0.40906250000000005,0.44000000000000006,"(61.133742064931, 'Straight')",0.016357578748212174,0.0,1.643125,3.293125,0.0,0.0,0.0,0.11697153781879836,6.701975440172041,12.536146473438755,33.536146473438755,7.8,0
208,5,353,412,443,1.2134375000000002,1.4162500000000002,1.5228125000000001,0.11343750000000001,0.31625000000000003,0.42281250000000004,"(73.01568426781195, 'Straight')",0.013695687577646075,0.0,1.643125,3.293125,0.0,0.0,0.0,0.0913262979394448,5.232611430484494,11.870491339958269,32.87049133995827,7.1,0
209,5,376,421,432,1.2925000000000002,1.4471875000000003,1.485,0.19250000000000003,0.34718750000000004,0.38500000000000006,"(1470.8999226577312, 'Straight')",0.0006798559063033506,0.0,1.643125,3.293125,0.0,0.0,0.0,0.09024628627457763,5.170731320262708,11.842458250296415,32.84245825029642,7.8,0
210,5,358,410,424,1.230625,1.4093750000000003,1.4575000000000002,0.13062500000000002,0.30937500000000007,0.35750000000000004,"(298.40209160270155, 'Straight')",0.003351182944559986,0.0,1.643125,3.293125,0.0,0.0,0.0,0.08237127409214813,4.71952635859539,11.638052196380896,32.6380521963809,7.5,0
