Frame,Kecepatan,Y0X_Pixel,Y239X_Pixel,Y479X_Pixel,Y0X_Meter,Y239X_Meter,Y479X_Meter,errorY_0_Xmeter,errorY_239_Xmeter,errorY_479_Xmeter,Radius,Curvature,Y0(meter),Y239(meter),Y479(meter),Steering_Angle,Angle,FPS
0,0,327,320,321,0.8175,0.8,0.8025,0.0175,0.0,0.0025,"(203.51641003407263, 'Left Curve')",0.004913608685572728,0.0,1.941875,3.891875,0.0,21.0,1048576.0
1,0,327,320,321,0.8175,0.8,0.8025,0.0175,0.0,0.0025,"(199.20634194162793, 'Left Curve')",0.005019920501793177,0.0,1.941875,3.891875,0.0,21.0,2.1
2,0,327,320,321,0.8175,0.8,0.8025,0.0175,0.0,0.0025,"(223.03576026977146, 'Left Curve')",0.004483585945098923,0.0,1.941875,3.891875,0.0,21.0,2.8
3,0,327,320,321,0.8175,0.8,0.8025,0.0175,0.0,0.0025,"(218.18739328826638, 'Left Curve')",0.004583216220374441,0.0,1.941875,3.891875,0.0,21.0,4.7
4,0,327,320,321,0.8175,0.8,0.8025,0.0175,0.0,0.0025,"(183.31745265350585, 'Left Curve')",0.005455017978512563,0.0,1.941875,3.891875,0.0,21.0,4.9
5,0,327,320,321,0.8175,0.8,0.8025,0.0175,0.0,0.0025,"(230.42495573770788, 'Left Curve')",0.004339807712226697,0.0,1.941875,3.891875,0.0,21.0,5.4
6,0,327,320,321,0.8175,0.8,0.8025,0.0175,0.0,0.0025,"(237.1792570391559, 'Left Curve')",0.004216220307304994,0.0,1.941875,3.891875,0.0,21.0,6.1
7,0,328,319,321,0.8200000000000001,0.7975,0.8025,0.02,-0.0025,0.0025,"(279.8380971687018, 'Left Curve')",0.003573494853337089,0.0,1.941875,3.891875,0.0,21.0,5.9
8,0,328,319,321,0.8200000000000001,0.7975,0.8025,0.02,-0.0025,0.0025,"(315.21079735076825, 'Left Curve')",0.003172480157420479,0.0,1.941875,3.891875,0.0,21.0,5.9
9,0,327,320,321,0.8175,0.8,0.8025,0.0175,0.0,0.0025,"(210.8781219254794, 'Left Curve')",0.004742075616328669,0.0,1.941875,3.891875,0.0,21.0,5.8
10,0,327,320,321,0.8175,0.8,0.8025,0.0175,0.0,0.0025,"(205.9417326853051, 'Left Curve')",0.004855742383832797,0.0,1.941875,3.891875,0.0,21.0,5.7
11,0,328,319,322,0.8200000000000001,0.7975,0.805,0.02,-0.0025,0.005,"(317.16727480865933, 'Left Curve')",0.003152910402257862,0.0,1.941875,3.891875,0.0,21.0,4.9
12,0,327,320,321,0.8175,0.8,0.8025,0.0175,0.0,0.0025,"(217.15291308321622, 'Left Curve')",0.004605049896875135,0.0,1.941875,3.891875,0.0,21.0,5.3
13,0,327,319,321,0.8175,0.7975,0.8025,0.0175,-0.0025,0.0025,"(288.48168366204175, 'Left Curve')",0.0034664245830300505,0.0,1.941875,3.891875,0.0,21.0,6.6
14,0,328,320,321,0.8200000000000001,0.8,0.8025,0.02,0.0,0.0025,"(281.8732118801986, 'Left Curve')",0.0035476943457295215,0.0,1.941875,3.891875,0.0,21.0,5.3
15,0,328,320,321,0.8200000000000001,0.8,0.8025,0.02,0.0,0.0025,"(252.1895486219599, 'Left Curve')",0.003965271382039038,0.0,1.941875,3.891875,0.0,21.0,5.2
16,0,327,320,321,0.8175,0.8,0.8025,0.0175,0.0,0.0025,"(225.965325688913, 'Left Curve')",0.004425457742028537,0.0,1.941875,3.891875,0.0,21.0,5.0
17,0,328,320,321,0.8200000000000001,0.8,0.8025,0.02,0.0,0.0025,"(368.6324052819628, 'Left Curve')",0.002712729498740381,0.0,1.941875,3.891875,0.0,21.0,5.3
18,0,328,319,321,0.8200000000000001,0.7975,0.8025,0.02,-0.0025,0.0025,"(371.39160326730826, 'Left Curve')",0.002692575683463291,0.0,1.941875,3.891875,0.0,21.0,5.1
19,0,328,320,321,0.8200000000000001,0.8,0.8025,0.02,0.0,0.0025,"(300.61055959575197, 'Left Curve')",0.00332656311656103,0.0,1.941875,3.891875,0.0,21.0,7.4
20,0,327,320,321,0.8175,0.8,0.8025,0.0175,0.0,0.0025,"(269.08757267562305, 'Left Curve')",0.0037162622935599846,0.0,1.941875,3.891875,0.0,21.0,6.9
21,0,327,320,321,0.8175,0.8,0.8025,0.0175,0.0,0.0025,"(205.50727158333547, 'Left Curve')",0.004866007865782447,0.0,1.941875,3.891875,0.0,21.0,7.3
22,5,327,320,321,0.8175,0.8,0.8025,0.0175,0.0,0.0025,"(239.91081616921574, 'Left Curve')",0.004168215572634593,0.0,1.941875,3.891875,0.0,21.0,7.2
23,5,326,320,321,0.8150000000000001,0.8,0.8025,0.015,0.0,0.0025,"(213.58854513332437, 'Left Curve')",0.004681899019330782,0.0,1.941875,3.891875,0.0,21.0,8.3
24,5,327,319,321,0.8175,0.7975,0.8025,0.0175,-0.0025,0.0025,"(312.29758041289267, 'Left Curve')",0.003202074120068068,0.0,1.941875,3.891875,0.0,21.0,6.0
25,5,326,319,321,0.8150000000000001,0.7975,0.8025,0.015,-0.0025,0.0025,"(191.44102353494338, 'Left Curve')",0.00522354081447685,0.0,1.941875,3.891875,0.0,21.0,7.3
26,5,327,319,322,0.8175,0.7975,0.805,0.0175,-0.0025,0.005,"(268.373090131074, 'Left Curve')",0.003726155999886568,0.0,1.941875,3.891875,0.0,21.0,6.5
27,5,327,320,322,0.8175,0.8,0.805,0.0175,0.0,0.005,"(232.36364835824986, 'Left Curve')",0.004303599151870073,0.0,1.941875,3.891875,0.0,21.0,6.7
28,5,327,320,321,0.8175,0.8,0.8025,0.0175,0.0,0.0025,"(209.75799006009663, 'Left Curve')",0.004767398847183344,0.0,1.941875,3.891875,0.0,21.0,7.0
29,5,328,319,321,0.8200000000000001,0.7975,0.8025,0.02,-0.0025,0.0025,"(295.2105473562008, 'Left Curve')",0.0033874128446820056,0.0,1.941875,3.891875,0.0,21.0,6.6
30,5,328,319,321,0.8200000000000001,0.7975,0.8025,0.02,-0.0025,0.0025,"(279.5515152570013, 'Left Curve')",0.003577158217442197,0.0,1.941875,3.891875,0.0,21.0,6.6
31,5,328,320,321,0.8200000000000001,0.8,0.8025,0.02,0.0,0.0025,"(218.80491405909763, 'Left Curve')",0.004570281267677138,0.0,1.941875,3.891875,0.0,21.0,7.1
32,5,328,320,322,0.8200000000000001,0.8,0.805,0.02,0.0,0.005,"(252.0700356558723, 'Left Curve')",0.003967151420429863,0.0,1.941875,3.891875,9.572072926126248,30.572072926126246,5.6
33,5,326,319,321,0.8150000000000001,0.7975,0.8025,0.015,-0.0025,0.0025,"(257.59487595838556, 'Left Curve')",0.0038820647975992737,0.0,1.941875,3.891875,9.558481310945597,30.558481310945595,5.8
34,5,328,319,321,0.8200000000000001,0.7975,0.8025,0.02,-0.0025,0.0025,"(297.32530536769366, 'Left Curve')",0.0033633195087896363,0.0,1.941875,3.891875,9.549057133046258,30.549057133046258,6.3
35,5,328,319,321,0.8200000000000001,0.7975,0.8025,0.02,-0.0025,0.0025,"(268.55784552148845, 'Left Curve')",0.0037235925767061077,0.0,1.941875,3.891875,9.555602340474488,30.555602340474486,6.3
36,5,327,320,320,0.8175,0.8,0.8,0.0175,0.0,0.0,"(207.07185286880974, 'Left Curve')",0.0048292415707196544,0.0,1.941875,3.891875,9.587734719174108,30.587734719174108,5.5
37,5,328,320,320,0.8200000000000001,0.8,0.8,0.02,0.0,0.0,"(244.5422152091428, 'Left Curve')",0.004089273498830285,0.0,1.941875,3.891875,9.574291559669346,30.574291559669348,6.5
38,5,326,319,320,0.8150000000000001,0.7975,0.8,0.015,-0.0025,0.0,"(202.92478273968158, 'Left Curve')",0.004927934313882361,0.0,1.941875,3.891875,9.57748193982084,30.577481939820842,7.0
39,5,327,319,320,0.8175,0.7975,0.8,0.0175,-0.0025,0.0,"(255.95600782842018, 'Left Curve')",0.003906921382639898,0.0,1.941875,3.891875,9.558932916435337,30.55893291643534,5.8
40,5,327,319,320,0.8175,0.7975,0.8,0.0175,-0.0025,0.0,"(233.13801404267605, 'Left Curve')",0.004289304788437245,0.0,1.941875,3.891875,9.565879798212386,30.565879798212386,7.1
41,5,327,319,320,0.8175,0.7975,0.8,0.0175,-0.0025,0.0,"(222.14553884494367, 'Left Curve')",0.004501553374420876,0.0,1.941875,3.891875,9.569735782227907,30.56973578222791,6.3
42,5,326,319,320,0.8150000000000001,0.7975,0.8,0.015,-0.0025,0.0,"(213.85056852740385, 'Left Curve')",0.004676162457205977,0.0,1.941875,3.891875,9.572907931814912,30.57290793181491,5.5
43,5,325,318,319,0.8125,0.795,0.7975,0.0125,-0.005,-0.0025,"(199.75002503311472, 'Left Curve')",0.005006257194882549,0.0,1.941875,3.891875,9.566859074523093,30.566859074523094,6.0
44,5,326,319,320,0.8150000000000001,0.7975,0.8,0.015,-0.0025,0.0,"(236.80287251791907, 'Left Curve')",0.004222921746543971,0.0,1.941875,3.891875,9.564673772951037,30.56467377295104,5.7
45,5,326,320,320,0.8150000000000001,0.8,0.8,0.015,0.0,0.0,"(172.2937663719119, 'Left Curve')",0.005804040512071739,0.0,1.941875,3.891875,9.605444036286247,30.605444036286247,6.8
46,5,327,319,320,0.8175,0.7975,0.8,0.0175,-0.0025,0.0,"(210.52492819007927, 'Left Curve')",0.0047500313079176905,0.0,1.941875,3.891875,9.57424995179184,30.574249951791842,6.0
47,5,327,319,320,0.8175,0.7975,0.8,0.0175,-0.0025,0.0,"(210.85947954598444, 'Left Curve')",0.004742494869821203,0.0,1.941875,3.891875,9.574113035233804,30.574113035233804,5.9
48,5,326,318,319,0.8150000000000001,0.795,0.7975,0.015,-0.005,-0.0025,"(206.5924065568265, 'Left Curve')",0.004840448962604704,0.0,1.941875,3.891875,9.56384680887633,30.563846808876328,6.6
49,5,326,318,319,0.8150000000000001,0.795,0.7975,0.015,-0.005,-0.0025,"(203.85319112648432, 'Left Curve')",0.004905491027508774,0.0,1.941875,3.891875,9.565028448450729,30.56502844845073,5.6
50,5,326,318,319,0.8150000000000001,0.795,0.7975,0.015,-0.005,-0.0025,"(196.3813741783356, 'Left Curve')",0.005092132612800089,0.0,1.941875,3.891875,9.568419223101989,30.56841922310199,6.6
51,5,327,319,319,0.8175,0.7975,0.7975,0.0175,-0.0025,-0.0025,"(175.23185053986992, 'Left Curve')",0.005706725101168028,0.0,1.941875,3.891875,9.591630440433619,30.59163044043362,7.3
52,5,325,318,318,0.8125,0.795,0.795,0.0125,-0.005,-0.005,"(159.26687948434184, 'Left Curve')",0.006278769341357717,0.0,1.941875,3.891875,9.589977135074697,30.589977135074697,6.3
53,5,326,318,318,0.8150000000000001,0.795,0.795,0.015,-0.005,-0.005,"(174.05915050187446, 'Left Curve')",0.0057451733914398884,0.0,1.941875,3.891875,9.580283198835437,30.58028319883544,4.8
54,5,326,318,318,0.8150000000000001,0.795,0.795,0.015,-0.005,-0.005,"(186.12028462419892, 'Left Curve')",0.005372869496837114,0.0,1.941875,3.891875,9.573519455046709,30.573519455046707,6.2
55,5,325,318,317,0.8125,0.795,0.7925,0.0125,-0.005,-0.0075,"(187.75246584866613, 'Left Curve')",0.005326161738967672,0.0,1.941875,3.891875,9.57267088185678,30.57267088185678,5.5
56,5,326,317,317,0.8150000000000001,0.7925,0.7925,0.015,-0.0075,-0.0075,"(244.34046978595077, 'Left Curve')",0.00409264990312914,0.0,1.941875,3.891875,9.5382154814396,30.5382154814396,6.1
57,5,326,317,317,0.8150000000000001,0.7925,0.7925,0.015,-0.0075,-0.0075,"(285.64594903763214, 'Left Curve')",0.003500837324558928,0.0,1.941875,3.891875,9.527463787964665,30.527463787964663,6.7
58,5,325,316,317,0.8125,0.79,0.7925,0.0125,-0.01,-0.0075,"(366.0832113565009, 'Left Curve')",0.0027316193941113983,0.0,1.941875,3.891875,9.50144321250127,30.50144321250127,6.5
59,5,325,316,316,0.8125,0.79,0.79,0.0125,-0.01,-0.01,"(354.8737917964356, 'Left Curve')",0.002817903218318316,0.0,1.941875,3.891875,9.503010771140078,30.503010771140076,6.1
60,5,325,316,316,0.8125,0.79,0.79,0.0125,-0.01,-0.01,"(497.6511254325335, 'Left Curve')",0.002009439844290214,0.0,1.941875,3.891875,9.488323073935394,30.488323073935394,6.4
61,5,325,316,316,0.8125,0.79,0.79,0.0125,-0.01,-0.01,"(275.73590024074326, 'Left Curve')",0.003626658694522209,0.0,1.941875,3.891875,9.517703773150872,30.51770377315087,6.2
62,5,325,316,316,0.8125,0.79,0.79,0.0125,-0.01,-0.01,"(526.6185154386425, 'Left Curve')",0.0018989077874845672,0.0,1.941875,3.891875,9.486314991523033,30.48631499152303,6.9
63,5,324,315,316,0.81,0.7875,0.79,0.01,-0.0125,-0.01,"(658.2457368342015, 'Left Curve')",0.0015191894820457902,0.0,1.941875,3.891875,9.467370627089348,30.46737062708935,6.3
64,5,325,315,316,0.8125,0.7875,0.79,0.0125,-0.0125,-0.01,"(555.8301437141799, 'Left Curve')",0.0017991107738737932,0.0,1.941875,3.891875,9.472456093351083,30.472456093351084,6.9
65,5,325,315,316,0.8125,0.7875,0.79,0.0125,-0.0125,-0.01,"(1432.0906510600985, 'Left Curve')",0.0006982798185713695,0.0,1.941875,3.891875,9.452456871954166,30.452456871954166,6.1
66,5,326,315,316,0.8150000000000001,0.7875,0.79,0.015,-0.0125,-0.01,"(1131.5496316586134, 'Left Curve')",0.0008837438253010702,0.0,1.941875,3.891875,9.455826288866042,30.455826288866042,6.0
67,5,325,315,316,0.8125,0.7875,0.79,0.0125,-0.0125,-0.01,"(1258.5391650446454, 'Left Curve')",0.000794572014741016,0.0,1.941875,3.891875,9.454206247586328,30.454206247586328,5.5
68,5,326,315,316,0.8150000000000001,0.7875,0.79,0.015,-0.0125,-0.01,"(1477.0433000759056, 'Left Curve')",0.000677028222495989,0.0,1.941875,3.891875,9.452070810406429,30.45207081040643,5.9
69,5,324,315,315,0.81,0.7875,0.7875,0.01,-0.0125,-0.0125,"(751.029172544472, 'Left Curve')",0.001331506200500867,0.0,1.941875,3.891875,9.46396091476438,30.463960914764378,6.2
70,5,325,314,315,0.8125,0.785,0.7875,0.0125,-0.015,-0.0125,"(296.36553430499504, 'Left Curve')",0.003374211520057802,0.0,1.941875,3.891875,9.489025760176066,30.489025760176066,5.9
71,5,325,314,315,0.8125,0.785,0.7875,0.0125,-0.015,-0.0125,"(635.6515500278381, 'Left Curve')",0.0015731889585673241,0.0,1.941875,3.891875,9.456305857835117,30.45630585783512,6.3
72,5,324,314,315,0.81,0.785,0.7875,0.01,-0.015,-0.0125,"(956.0388401186467, 'Left Curve')",0.001045982608693908,0.0,1.941875,3.891875,9.44672788541225,30.44672788541225,6.4
73,5,324,314,316,0.81,0.785,0.79,0.01,-0.015,-0.01,"(895.0188035545019, 'Left Curve')",0.0011172949618807704,0.0,1.941875,3.891875,9.448023438226487,30.448023438226485,5.4
74,5,324,314,316,0.81,0.785,0.79,0.01,-0.015,-0.01,"(410.4478758612567, 'Left Curve')",0.0024363629557143307,0.0,1.941875,3.891875,9.471987448962023,30.471987448962025,6.4
75,5,323,313,315,0.8075,0.7825,0.7875,0.0075,-0.0175,-0.0125,"(694.2480369209969, 'Left Curve')",0.0014404073858602737,0.0,1.941875,3.891875,9.441847714235143,30.441847714235145,6.1
76,5,324,313,315,0.81,0.7825,0.7875,0.01,-0.0175,-0.0125,"(311.78201740789996, 'Left Curve')",0.0032073690725136156,0.0,1.941875,3.891875,9.473948794179993,30.473948794179993,5.9
77,5,323,312,315,0.8075,0.78,0.7875,0.0075,-0.02,-0.0125,"(440.4502272353258, 'Left Curve')",0.0022704040960017835,0.0,1.941875,3.891875,9.444880750632096,30.444880750632095,6.3
78,5,321,310,314,0.8025,0.775,0.785,0.0025,-0.025,-0.015,"(304.5006015382287, 'Left Curve')",0.0032840657619339856,0.0,1.941875,3.891875,9.43920465256723,30.43920465256723,6.1
79,5,323,310,314,0.8075,0.775,0.785,0.0075,-0.025,-0.015,"(280.69243004408867, 'Left Curve')",0.003562618342941877,0.0,1.941875,3.891875,9.44426525813718,30.44426525813718,5.6
80,5,321,310,314,0.8025,0.775,0.785,0.0025,-0.025,-0.015,"(349.6397048527487, 'Left Curve')",0.002860087072837313,0.0,1.941875,3.891875,9.431502099217234,30.431502099217234,6.5
81,5,322,311,314,0.805,0.7775,0.785,0.005,-0.0225,-0.015,"(1534.549628205661, 'Left Curve')",0.0006516569953943383,0.0,1.941875,3.891875,9.403426773595074,30.403426773595072,6.4
82,5,322,310,314,0.805,0.775,0.785,0.005,-0.025,-0.015,"(306.1355042658066, 'Left Curve')",0.003266527358198007,0.0,1.941875,3.891875,9.438886050615707,30.438886050615707,5.1
83,5,321,310,312,0.8025,0.775,0.78,0.0025,-0.025,-0.02,"(508.5579658245156, 'Left Curve')",0.001966344187291843,0.0,1.941875,3.891875,9.415265241479435,30.415265241479435,6.2
84,5,318,309,311,0.795,0.7725,0.7775,-0.005,-0.0275,-0.0225,"(320.9238542207741, 'Left Curve')",0.003116003958098007,0.0,1.941875,3.891875,9.424105594302947,30.424105594302947,6.2
85,5,318,309,310,0.795,0.7725,0.775,-0.005,-0.0275,-0.025,"(328.20171477506733, 'Left Curve')",0.003046906688727537,0.0,1.941875,3.891875,9.422850289444952,30.422850289444952,6.1
86,5,318,309,310,0.795,0.7725,0.775,-0.005,-0.0275,-0.025,"(339.0162961886327, 'Left Curve')",0.0029497107107901038,0.0,1.941875,3.891875,9.421084504730604,30.421084504730604,6.2
87,5,317,308,310,0.7925,0.77,0.775,-0.0075,-0.03,-0.025,"(266.84283938770244, 'Left Curve')",0.0037475242067375684,0.0,1.941875,3.891875,9.423532823547832,30.42353282354783,6.6
88,5,317,309,310,0.7925,0.7725,0.775,-0.0075,-0.0275,-0.025,"(325.53552314147595, 'Left Curve')",0.003071861375833339,0.0,1.941875,3.891875,9.423303623946548,30.42330362394655,6.2
89,5,317,308,309,0.7925,0.77,0.7725,-0.0075,-0.03,-0.0275,"(302.90169719014676, 'Left Curve')",0.003301401112230313,0.0,1.941875,3.891875,9.415427997307312,30.41542799730731,6.5
90,5,316,308,308,0.79,0.77,0.77,-0.01,-0.03,-0.03,"(276.9058247524422, 'Left Curve')",0.0036113360955625055,0.0,1.941875,3.891875,9.42105864187835,30.42105864187835,5.7
91,5,316,307,308,0.79,0.7675000000000001,0.77,-0.01,-0.0325,-0.03,"(397.57451024887797, 'Left Curve')",0.002515251793617275,0.0,1.941875,3.891875,9.389100191122065,30.389100191122065,6.2
92,5,316,306,308,0.79,0.765,0.77,-0.01,-0.035,-0.03,"(264.3756418703398, 'Left Curve')",0.0037824967267235583,0.0,1.941875,3.891875,9.400076735205129,30.40007673520513,6.2
93,5,317,306,309,0.7925,0.765,0.7725,-0.0075,-0.035,-0.0275,"(150.26342100884318, 'Left Curve')",0.006654979590416411,0.0,1.941875,3.891875,9.452261933522625,30.452261933522625,6.9
94,5,317,307,308,0.7925,0.7675000000000001,0.77,-0.0075,-0.0325,-0.03,"(156.29146967970442, 'Left Curve')",0.006398301852617727,0.0,1.941875,3.891875,9.45964459475093,30.45964459475093,6.2
95,5,317,307,309,0.7925,0.7675000000000001,0.7725,-0.0075,-0.0325,-0.0275,"(117.28728102268957, 'Left Curve')",0.008526073682333442,0.0,1.941875,3.891875,9.498300694203953,30.498300694203955,6.2
96,5,315,306,308,0.7875,0.765,0.77,-0.0125,-0.035,-0.03,"(127.43575041621332, 'Left Curve')",0.007847091547967788,0.0,1.941875,3.891875,9.473919449222322,30.473919449222322,5.6
97,5,314,305,307,0.785,0.7625000000000001,0.7675000000000001,-0.015,-0.0375,-0.0325,"(138.3434703043631, 'Left Curve')",0.0072283859715239615,0.0,1.941875,3.891875,9.450633339991043,30.450633339991043,5.9
98,5,314,305,307,0.785,0.7625000000000001,0.7675000000000001,-0.015,-0.0375,-0.0325,"(225.57563469162628, 'Left Curve')",0.0044331028985779095,0.0,1.941875,3.891875,9.399850681020249,30.399850681020247,6.2
99,5,313,304,306,0.7825,0.76,0.765,-0.0175,-0.04,-0.035,"(185.38859018127317, 'Left Curve')",0.005394075218017456,0.0,1.941875,3.891875,9.405263124909098,30.405263124909098,5.8
100,5,312,304,304,0.78,0.76,0.76,-0.02,-0.04,-0.04,"(183.55770298624086, 'Left Curve')",0.0054478781534706726,0.0,1.941875,3.891875,9.406240556331774,30.406240556331774,6.8
101,5,312,303,305,0.78,0.7575000000000001,0.7625000000000001,-0.02,-0.0425,-0.0375,"(212.0955274356838, 'Left Curve')",0.004714856612444323,0.0,1.941875,3.891875,9.380878014591929,30.38087801459193,5.4
102,5,313,303,305,0.7825,0.7575000000000001,0.7625000000000001,-0.0175,-0.0425,-0.0375,"(191.9179905284073, 'Left Curve')",0.005210558933254264,0.0,1.941875,3.891875,9.389883497722243,30.389883497722245,6.1
103,5,313,303,305,0.7825,0.7575000000000001,0.7625000000000001,-0.0175,-0.0425,-0.0375,"(195.01075274538118, 'Left Curve')",0.005127922362853835,0.0,1.941875,3.891875,9.38838223139074,30.38838223139074,6.1
104,5,311,303,304,0.7775,0.7575000000000001,0.76,-0.0225,-0.0425,-0.04,"(248.54789024753597, 'Left Curve')",0.004023369496333569,0.0,1.941875,3.891875,9.368315747296498,30.3683157472965,5.8
105,5,311,302,304,0.7775,0.755,0.76,-0.0225,-0.045,-0.04,"(228.70455440041476, 'Left Curve')",0.004372453371650855,0.0,1.941875,3.891875,9.362612003350844,30.362612003350844,5.9
106,5,311,301,303,0.7775,0.7525000000000001,0.7575000000000001,-0.0225,-0.0475,-0.0425,"(229.11688915280124, 'Left Curve')",0.004364584399245601,0.0,1.941875,3.891875,9.350423568324837,30.350423568324835,6.2
107,5,310,301,302,0.775,0.7525000000000001,0.755,-0.025,-0.0475,-0.045,"(225.64420844994532, 'Left Curve')",0.004431755669110515,0.0,1.941875,3.891875,9.351643836944005,30.351643836944007,6.6
108,5,311,301,302,0.7775,0.7525000000000001,0.755,-0.0225,-0.0475,-0.045,"(197.2286510138358, 'Left Curve')",0.0050702572616077414,0.0,1.941875,3.891875,9.363243440789624,30.363243440789624,6.2
109,5,311,301,301,0.7775,0.7525000000000001,0.7525000000000001,-0.0225,-0.0475,-0.0475,"(209.07506306041213, 'Left Curve')",0.0047829711748600574,0.0,1.941875,3.891875,9.358024346458476,30.35802434645848,5.8
110,5,310,300,299,0.775,0.75,0.7475,-0.025,-0.05,-0.0525,"(204.6372125018667, 'Left Curve')",0.004886696743833323,0.0,1.941875,3.891875,9.347863230330091,30.34786323033009,5.7
111,5,311,299,300,0.7775,0.7475,0.75,-0.0225,-0.0525,-0.05,"(182.39486915146443, 'Left Curve')",0.005482610364272799,0.0,1.941875,3.891875,9.346643656532168,30.346643656532166,6.2
112,5,312,298,299,0.78,0.745,0.7475,-0.02,-0.055,-0.0525,"(166.97112092661104, 'Left Curve')",0.005989059631692422,0.0,1.941875,3.891875,9.343798812132214,30.343798812132214,6.4
113,5,313,298,299,0.7825,0.745,0.7475,-0.0175,-0.055,-0.0525,"(155.90261313283884, 'Left Curve')",0.006414260671486867,0.0,1.941875,3.891875,9.351523378047377,30.351523378047375,6.3
114,5,313,297,298,0.7825,0.7425,0.745,-0.0175,-0.0575,-0.055,"(140.9472577630359, 'Left Curve')",0.007094852470852787,0.0,1.941875,3.891875,9.351842119569204,30.351842119569206,6.6
115,5,313,297,297,0.7825,0.7425,0.7425,-0.0175,-0.0575,-0.0575,"(135.40981304492465, 'Left Curve')",0.007384989148963909,0.0,1.941875,3.891875,9.357112994003911,30.357112994003913,6.1
116,5,314,296,297,0.785,0.74,0.7425,-0.015,-0.06,-0.0575,"(125.52511116499937, 'Left Curve')",0.007966533474609131,0.0,1.941875,3.891875,9.355632373891396,30.355632373891396,5.7
117,5,313,295,297,0.7825,0.7375,0.7425,-0.0175,-0.0625,-0.0575,"(116.62772790475955, 'Left Curve')",0.008574290333569897,0.0,1.941875,3.891875,9.35462790609822,30.35462790609822,5.9
118,5,314,295,297,0.785,0.7375,0.7425,-0.015,-0.0625,-0.0575,"(108.14470290030658, 'Left Curve')",0.009246869917631122,0.0,1.941875,3.891875,9.36684661735644,30.36684661735644,6.3
119,5,315,295,297,0.7875,0.7375,0.7425,-0.0125,-0.0625,-0.0575,"(106.90188623734932, 'Left Curve')",0.009354371893679651,0.0,1.941875,3.891875,9.368799624749446,30.368799624749446,6.4
120,5,315,295,297,0.7875,0.7375,0.7425,-0.0125,-0.0625,-0.0575,"(107.55502675548323, 'Left Curve')",0.009297566372917287,0.0,1.941875,3.891875,9.367767641275707,30.367767641275705,6.1
121,5,317,295,297,0.7925,0.7375,0.7425,-0.0075,-0.0625,-0.0575,"(101.72200825714145, 'Left Curve')",0.009830714288220853,0.0,1.941875,3.891875,9.377453380583866,30.377453380583866,6.3
122,5,317,296,297,0.7925,0.74,0.7425,-0.0075,-0.06,-0.0575,"(102.79712402384878, 'Left Curve')",0.009727898610937806,0.0,1.941875,3.891875,9.387631128358697,30.3876311283587,6.3
123,5,318,296,296,0.795,0.74,0.74,-0.005,-0.06,-0.06,"(102.71525861213438, 'Left Curve')",0.009735651874042635,0.0,1.941875,3.891875,9.387772010195333,30.387772010195334,6.1
124,5,319,296,296,0.7975,0.74,0.74,-0.0025,-0.06,-0.06,"(97.14514583271503, 'Left Curve')",0.010293875122921846,0.0,1.941875,3.891875,9.397913340250167,30.397913340250167,5.5
125,5,320,296,295,0.8,0.74,0.7375,0.0,-0.06,-0.0625,"(95.9501629817766, 'Left Curve')",0.010422077138002628,0.0,1.941875,3.891875,9.400242433196794,30.400242433196794,6.0
126,5,319,295,296,0.7975,0.7375,0.74,-0.0025,-0.0625,-0.06,"(92.90154034206036, 'Left Curve')",0.01076408417253399,0.0,1.941875,3.891875,9.394410031585412,30.394410031585412,6.0
127,5,321,295,295,0.8025,0.7375,0.7375,0.0025,-0.0625,-0.0625,"(89.89099841242685, 'Left Curve')",0.011124584415137128,0.0,1.941875,3.891875,9.400959342526987,30.40095934252699,5.5
128,5,321,295,297,0.8025,0.7375,0.7425,0.0025,-0.0625,-0.0575,"(85.26553915318257, 'Left Curve')",0.011728067516273654,0.0,1.941875,3.891875,9.411922926528124,30.411922926528124,6.0
129,5,323,296,299,0.8075,0.74,0.7475,0.0075,-0.06,-0.0525,"(83.87085669380497, 'Left Curve')",0.011923092709673776,0.0,1.941875,3.891875,9.427511775392512,30.42751177539251,6.0
130,5,324,297,298,0.81,0.7425,0.745,0.01,-0.0575,-0.055,"(81.91525998020614, 'Left Curve')",0.012207737608861135,0.0,1.941875,3.891875,9.444728815451978,30.444728815451978,6.3
131,5,324,297,299,0.81,0.7425,0.7475,0.01,-0.0575,-0.0525,"(81.22907611796406, 'Left Curve')",0.012310862658929675,0.0,1.941875,3.891875,9.446602320144349,30.44660232014435,6.3
132,5,324,297,297,0.81,0.7425,0.7425,0.01,-0.0575,-0.0575,"(84.22248428183937, 'Left Curve')",0.011873313979360103,0.0,1.941875,3.891875,9.438653233625631,30.43865323362563,5.5
133,5,324,297,297,0.81,0.7425,0.7425,0.01,-0.0575,-0.0575,"(82.64892457612679, 'Left Curve')",0.012099370985510087,0.0,1.941875,3.891875,9.442760085907421,30.442760085907423,5.2
134,5,325,297,297,0.8125,0.7425,0.7425,0.0125,-0.0575,-0.0575,"(84.47324720623274, 'Left Curve')",0.0118380674719252,0.0,1.941875,3.891875,9.438012922887008,30.438012922887008,6.6
135,5,325,298,296,0.8125,0.745,0.74,0.0125,-0.055,-0.06,"(90.51560771216882, 'Left Curve')",0.01104781844010711,0.0,1.941875,3.891875,9.43570200263337,30.43570200263337,3.8
136,5,325,299,297,0.8125,0.7475,0.7425,0.0125,-0.0525,-0.0575,"(92.21121928221552, 'Left Curve')",0.010844667360264118,0.0,1.941875,3.891875,9.44405707443768,30.44405707443768,5.0
137,5,327,299,297,0.8175,0.7475,0.7425,0.0175,-0.0525,-0.0575,"(87.40663212094046, 'Left Curve')",0.011440779443559236,0.0,1.941875,3.891875,9.454886902733767,30.45488690273377,6.0
138,5,328,299,299,0.8200000000000001,0.7475,0.7475,0.02,-0.0525,-0.0525,"(90.49760292668442, 'Left Curve')",0.01105001643866897,0.0,1.941875,3.891875,9.447787786603527,30.447787786603527,5.1
139,5,328,300,299,0.8200000000000001,0.75,0.7475,0.02,-0.05,-0.0525,"(93.83461581874765, 'Left Curve')",0.010657047948399074,0.0,1.941875,3.891875,9.452694395381311,30.45269439538131,5.8
140,5,329,302,300,0.8225,0.755,0.75,0.0225,-0.045,-0.05,"(95.66733283658647, 'Left Curve')",0.010452888884318992,0.0,1.941875,3.891875,9.473077033257615,30.473077033257617,6.5
141,5,330,303,300,0.8250000000000001,0.7575000000000001,0.75,0.025,-0.0425,-0.05,"(98.53282593942069, 'Left Curve')",0.010148902058434958,0.0,1.941875,3.891875,9.479600246275002,30.479600246275,5.8
142,5,330,304,300,0.8250000000000001,0.76,0.75,0.025,-0.04,-0.05,"(104.13926400426791, 'Left Curve')",0.009602526093894972,0.0,1.941875,3.891875,9.48171985309515,30.48171985309515,5.6
143,5,331,304,300,0.8275,0.76,0.75,0.0275,-0.04,-0.05,"(105.82266698808195, 'Left Curve')",0.009449771286832364,0.0,1.941875,3.891875,9.478944717093563,30.47894471709356,5.9
144,5,332,305,299,0.8300000000000001,0.7625000000000001,0.7475,0.03,-0.0375,-0.0525,"(105.76858036320368, 'Left Curve')",0.009454603593676432,0.0,1.941875,3.891875,9.491078383493356,30.491078383493356,6.5
145,5,333,308,300,0.8325,0.77,0.75,0.0325,-0.03,-0.05,"(109.84976563615304, 'Left Curve')",0.009103342134677131,0.0,1.941875,3.891875,9.520834439945457,30.520834439945457,6.5
146,5,336,310,301,0.84,0.775,0.7525000000000001,0.04,-0.025,-0.0475,"(111.28456422942236, 'Left Curve')",0.008985972195914045,0.0,1.941875,3.891875,9.542793869034787,30.54279386903479,6.5
147,5,338,312,303,0.845,0.78,0.7575000000000001,0.045,-0.02,-0.0425,"(105.85908803287582, 'Left Curve')",0.009446520072886306,0.0,1.941875,3.891875,9.575252411395638,30.57525241139564,6.5
148,5,339,314,303,0.8475,0.785,0.7575000000000001,0.0475,-0.015,-0.0425,"(123.62211423062425, 'Left Curve')",0.008089167591280973,0.0,1.941875,3.891875,9.574684545263985,30.574684545263985,6.6
149,5,340,316,304,0.85,0.79,0.76,0.05,-0.01,-0.04,"(132.07339349515496, 'Left Curve')",0.007571547709468709,0.0,1.941875,3.891875,9.589372302783703,30.5893723027837,6.5
150,5,342,317,304,0.855,0.7925,0.76,0.055,-0.0075,-0.04,"(142.432933999887, 'Left Curve')",0.0070208481417703104,0.0,1.941875,3.891875,9.5914133851009,30.5914133851009,5.4
151,5,343,319,305,0.8575,0.7975,0.7625000000000001,0.0575,-0.0025,-0.0375,"(156.02358678511774, 'Left Curve')",0.00640928734305565,0.0,1.941875,3.891875,9.604394440142443,30.604394440142443,6.2
152,5,344,320,306,0.86,0.8,0.765,0.06,0.0,-0.035,"(162.02622810968904, 'Left Curve')",0.006171840273434106,0.0,1.941875,3.891875,9.612126376342927,30.61212637634293,6.3
153,5,347,322,308,0.8675,0.805,0.77,0.0675,0.005,-0.03,"(166.5574587264103, 'Left Curve')",0.006003934063635148,0.0,1.941875,3.891875,9.633167251142073,30.633167251142073,6.5
154,5,348,324,310,0.87,0.81,0.775,0.07,0.01,-0.025,"(195.1484394420278, 'Left Curve')",0.0051243043647144675,0.0,1.941875,3.891875,9.641278138921496,30.641278138921496,6.1
155,5,351,326,311,0.8775000000000001,0.8150000000000001,0.7775,0.0775,0.015,-0.0225,"(204.42603597049134, 'Left Curve')",0.004891744807615155,0.0,1.941875,3.891875,9.661144228313674,30.661144228313674,5.3
156,5,352,328,313,0.88,0.8200000000000001,0.7825,0.08,0.02,-0.0175,"(232.46527166590784, 'Left Curve')",0.004301717812874735,0.0,1.941875,3.891875,9.674516118981808,30.674516118981806,6.4
157,5,354,328,313,0.885,0.8200000000000001,0.7825,0.085,0.02,-0.0175,"(258.2532150322833, 'Left Curve')",0.0038721686383458714,0.0,1.941875,3.891875,9.666712701513465,30.666712701513465,6.1
158,5,355,330,314,0.8875000000000001,0.8250000000000001,0.785,0.08750000000000001,0.025,-0.015,"(317.5175023597653, 'Left Curve')",0.0031494326850270557,0.0,1.941875,3.891875,9.677673692580026,30.677673692580026,5.6
159,5,356,331,315,0.89,0.8275,0.7875,0.09,0.0275,-0.0125,"(336.8196136476382, 'Left Curve')",0.0029689482425632845,0.0,1.941875,3.891875,9.686440196233352,30.686440196233352,5.9
160,5,357,332,316,0.8925000000000001,0.8300000000000001,0.79,0.0925,0.03,-0.01,"(478.3397714189393, 'Left Curve')",0.0020905641967290662,0.0,1.941875,3.891875,9.682528289936645,30.682528289936645,6.6
161,5,360,334,318,0.9,0.835,0.795,0.1,0.035,-0.005,"(596.7554245528294, 'Left Curve')",0.0016757283785888272,0.0,1.941875,3.891875,9.699082665276888,30.69908266527689,5.3
162,5,362,336,319,0.905,0.84,0.7975,0.105,0.04,-0.0025,"(1247.3615484338864, 'Left Curve')",0.0008016921807919613,0.0,1.941875,3.891875,9.707294923592345,30.707294923592343,6.1
163,5,364,339,322,0.91,0.8475,0.805,0.11,0.0475,0.005,"(1903.2378441974743, 'Left Curve')",0.0005254204055729374,0.0,1.941875,3.891875,9.738411073244835,30.738411073244833,6.3
164,5,366,341,324,0.915,0.8525,0.81,0.115,0.0525,0.01,"(3125.2323781756604, 'Left Curve')",0.00031997620624414023,0.0,1.941875,3.891875,9.758768557989589,30.75876855798959,6.3
165,5,368,342,324,0.92,0.855,0.81,0.12,0.055,0.01,"(1126.3425747508782, 'Left Curve')",0.0008878293535349827,0.0,1.941875,3.891875,9.78112846791462,30.78112846791462,6.0
166,5,369,343,325,0.9225,0.8575,0.8125,0.1225,0.0575,0.0125,"(3857.539932053418, 'Left Curve')",0.0002592325724720851,0.0,1.941875,3.891875,9.781754281886025,30.781754281886023,5.1
167,5,369,343,326,0.9225,0.8575,0.8150000000000001,0.1225,0.0575,0.015,"(798.6219984119786, 'Left Curve')",0.0012521568426470244,0.0,1.941875,3.891875,9.799790891354606,30.799790891354604,5.4
168,5,370,345,327,0.925,0.8625,0.8175,0.125,0.0625,0.0175,"(781.4388162409773, 'Left Curve')",0.0012796907182194845,0.0,1.941875,3.891875,9.824379279308715,30.824379279308715,6.5
169,5,372,346,328,0.93,0.865,0.8200000000000001,0.13,0.065,0.02,"(563.1573948166546, 'Left Curve')",0.0017757025108860853,0.0,1.941875,3.891875,9.84543292658235,30.845432926582347,6.4
170,5,375,349,330,0.9375,0.8725,0.8250000000000001,0.1375,0.0725,0.025,"(488.9257996351285, 'Left Curve')",0.002045300126821435,0.0,1.941875,3.891875,9.886460278225796,30.886460278225798,6.0
171,5,376,350,332,0.9400000000000001,0.875,0.8300000000000001,0.14,0.075,0.03,"(568.708205307945, 'Left Curve')",0.0017583709724365915,0.0,1.941875,3.891875,9.893291841601828,30.89329184160183,6.1
172,5,379,352,334,0.9475,0.88,0.835,0.1475,0.08,0.035,"(532.710472383411, 'Left Curve')",0.0018771923058427578,0.0,1.941875,3.891875,9.919535851261708,30.919535851261706,5.8
173,5,379,354,335,0.9475,0.885,0.8375,0.1475,0.085,0.0375,"(706.3759771984245, 'Left Curve')",0.0014156766825028863,0.0,1.941875,3.891875,9.935238743211787,30.935238743211787,6.2
174,5,382,356,337,0.9550000000000001,0.89,0.8425,0.155,0.09,0.0425,"(1026.8017704676606, 'Left Curve')",0.0009738978143215962,0.0,1.941875,3.891875,9.951299842335732,30.951299842335732,6.2
175,5,384,358,339,0.96,0.895,0.8475,0.16,0.095,0.0475,"(1459.335471379173, 'Left Curve')",0.0006852433998982638,0.0,1.941875,3.891875,9.970141541827967,30.970141541827967,6.5
176,5,385,359,341,0.9625,0.8975,0.8525,0.1625,0.0975,0.0525,"(1348.320618247784, 'Left Curve')",0.000741663359935528,0.0,1.941875,3.891875,9.983208008182514,30.983208008182515,6.4
177,5,388,361,343,0.97,0.9025,0.8575,0.17,0.10250000000000001,0.0575,"(795.51086468418, 'Left Curve')",0.0012570538560739868,0.0,1.941875,3.891875,10.016650682074536,31.016650682074534,5.2
178,5,392,365,346,0.98,0.9125,0.865,0.18,0.1125,0.065,"(2207.9604848207264, 'Left Curve')",0.0004529066561085645,0.0,1.941875,3.891875,10.050210709496636,31.050210709496636,7.2
179,5,392,365,347,0.98,0.9125,0.8675,0.18,0.1125,0.0675,"(2534.3824331357787, 'Left Curve')",0.0003945734420052403,0.0,1.941875,3.891875,10.049151416674412,31.049151416674412,5.7
180,5,394,367,349,0.985,0.9175,0.8725,0.185,0.11750000000000001,0.0725,"(806.6049737019496, 'Left Curve')",0.0012397642372702655,0.0,1.941875,3.891875,10.088579150971368,31.08857915097137,6.6
181,5,396,369,350,0.99,0.9225,0.875,0.19,0.1225,0.075,"(2069.647470864225, 'Left Curve')",0.00048317407388342754,0.0,1.941875,3.891875,10.098920191551905,31.098920191551905,5.2
182,5,397,371,352,0.9925,0.9275,0.88,0.1925,0.1275,0.08,"(21677.072149397514, 'Left Curve')",4.61316912684536e-05,0.0,1.941875,3.891875,10.115063146310934,31.115063146310934,6.4
183,5,399,373,354,0.9975,0.9325,0.885,0.1975,0.1325,0.085,"(1282.1001659138437, 'Left Curve')",0.0007799702601919789,0.0,1.941875,3.891875,10.152464536149367,31.152464536149367,6.8
184,5,401,375,355,1.0025,0.9375,0.8875000000000001,0.2025,0.1375,0.08750000000000001,"(3703.3476938560393, 'Left Curve')",0.00027002595561281725,0.0,1.941875,3.891875,10.167282328776007,31.167282328776007,5.7
185,5,403,378,356,1.0075,0.9450000000000001,0.89,0.20750000000000002,0.145,0.09,"(1035.436674755558, 'Left Curve')",0.0009657761062366043,0.0,1.941875,3.891875,10.216025278233207,31.216025278233207,5.6
186,5,404,378,357,1.01,0.9450000000000001,0.8925000000000001,0.21,0.145,0.0925,"(680.609320651633, 'Left Curve')",0.0014692716800330829,0.0,1.941875,3.891875,10.225165468447944,31.225165468447944,6.2
187,5,405,381,357,1.0125,0.9525,0.8925000000000001,0.2125,0.1525,0.0925,"(326.2792744130987, 'Left Curve')",0.003064859089805106,0.0,1.941875,3.891875,10.290235250747104,31.290235250747102,5.9
188,5,407,382,359,1.0175,0.9550000000000001,0.8975,0.2175,0.155,0.0975,"(286.31989093381543, 'Left Curve')",0.003492597027536435,0.0,1.941875,3.891875,10.310033214656068,31.310033214656066,6.3
189,5,408,383,360,1.02,0.9575,0.9,0.22,0.1575,0.1,"(347.3725544877684, 'Left Curve')",0.0028787536236839105,0.0,1.941875,3.891875,10.310926261826957,31.310926261826957,5.8
190,5,410,386,361,1.025,0.965,0.9025,0.225,0.165,0.10250000000000001,"(318.11930920894605, 'Left Curve')",0.0031434746997491543,0.0,1.941875,3.891875,10.351831161400886,31.351831161400888,6.8
191,5,412,387,362,1.03,0.9675,0.905,0.23,0.1675,0.105,"(393.10829546345985, 'Left Curve')",0.002543828282282972,0.0,1.941875,3.891875,10.352981784661488,31.352981784661488,6.1
192,5,413,389,362,1.0325,0.9725,0.905,0.2325,0.17250000000000001,0.105,"(313.9734715426507, 'Left Curve')",0.0031849824607368404,0.0,1.941875,3.891875,10.388681414904372,31.388681414904372,6.0
193,5,415,390,364,1.0375,0.975,0.91,0.23750000000000002,0.17500000000000002,0.11,"(447.3076150529906, 'Left Curve')",0.0022355979785444392,0.0,1.941875,3.891875,10.38348549596907,31.38348549596907,5.7
194,5,415,390,364,1.0375,0.975,0.91,0.23750000000000002,0.17500000000000002,0.11,"(445.3708744662855, 'Left Curve')",0.0022453197039396878,0.0,1.941875,3.891875,10.383661910106591,31.38366191010659,5.3
195,5,415,390,364,1.0375,0.975,0.91,0.23750000000000002,0.17500000000000002,0.11,"(385.7856499127639, 'Left Curve')",0.0025921130042709617,0.0,1.941875,3.891875,10.38995490008128,31.38995490008128,5.8
196,5,415,391,364,1.0375,0.9775,0.91,0.23750000000000002,0.1775,0.11,"(400.6341583888194, 'Left Curve')",0.002496042783824464,0.0,1.941875,3.891875,10.400243159265841,31.40024315926584,4.2
197,5,417,392,364,1.0425,0.98,0.91,0.2425,0.18,0.11,"(796.6111771467489, 'Left Curve')",0.0012553175610487115,0.0,1.941875,3.891875,10.389760749763425,31.389760749763425,5.2
198,5,416,393,365,1.04,0.9825,0.9125,0.24,0.1825,0.1125,"(550.2324869559052, 'Left Curve')",0.0018174135909938347,0.0,1.941875,3.891875,10.411991609913517,31.411991609913517,4.5
199,5,415,392,363,1.0375,0.98,0.9075,0.23750000000000002,0.18,0.1075,"(433.77040550230663, 'Left Curve')",0.002305367049746049,0.0,1.941875,3.891875,10.408814510746735,31.408814510746737,5.7
200,5,414,392,364,1.035,0.98,0.91,0.23500000000000001,0.18,0.11,"(456.40632757504886, 'Left Curve')",0.0021910300966096175,0.0,1.941875,3.891875,10.406739814737165,31.406739814737165,4.3
201,5,415,392,364,1.0375,0.98,0.91,0.23750000000000002,0.18,0.11,"(14392.642624316855, 'Left Curve')",6.947994375337759e-05,0.0,1.941875,3.891875,10.368241783907068,31.368241783907067,4.8
202,5,416,393,364,1.04,0.9825,0.91,0.24,0.1825,0.11,"(2437.283731425235, 'Left Curve')",0.00041029281371981926,0.0,1.941875,3.891875,10.386458523204949,31.38645852320495,6.1
203,5,416,393,365,1.04,0.9825,0.9125,0.24,0.1825,0.1125,"(1261.780456681482, 'Left Curve')",0.0007925308992580436,0.0,1.941875,3.891875,10.393394641528774,31.393394641528772,5.0
204,5,415,392,364,1.0375,0.98,0.91,0.23750000000000002,0.18,0.11,"(843.6490565426948, 'Left Curve')",0.0011853269937834544,0.0,1.941875,3.891875,10.388490644982847,31.388490644982845,6.7
205,5,415,392,365,1.0375,0.98,0.9125,0.23750000000000002,0.18,0.1125,"(556.5547517612248, 'Left Curve')",0.0017967684164684372,0.0,1.941875,3.891875,10.39958578394267,31.39958578394267,5.4
206,5,414,392,364,1.035,0.98,0.91,0.23500000000000001,0.18,0.11,"(470.78949641182373, 'Left Curve')",0.0021240915687831077,0.0,1.941875,3.891875,10.405525195494544,31.405525195494544,4.9
207,5,414,392,365,1.035,0.98,0.9125,0.23500000000000001,0.18,0.1125,"(418.5953945330481, 'Left Curve')",0.002388941715700243,0.0,1.941875,3.891875,10.410330952211101,31.4103309522111,3.8
208,5,416,393,367,1.04,0.9825,0.9175,0.24,0.1825,0.11750000000000001,"(285.9600675795401, 'Left Curve')",0.003496991759948612,0.0,1.941875,3.891875,10.442466287757002,31.442466287757,4.3
209,5,416,393,365,1.04,0.9825,0.9125,0.24,0.1825,0.1125,"(397.72656409568265, 'Left Curve')",0.0025142901940022945,0.0,1.941875,3.891875,10.424636222963242,31.424636222963244,5.7
210,5,417,393,367,1.0425,0.9825,0.9175,0.2425,0.1825,0.11750000000000001,"(239.15638934594733, 'Left Curve')",0.004181364347968426,0.0,1.941875,3.891875,10.454882998014256,31.454882998014256,5.8
211,5,417,393,368,1.0425,0.9825,0.92,0.2425,0.1825,0.12,"(252.5286953101666, 'Left Curve')",0.003959946012360128,0.0,1.941875,3.891875,10.450865811970374,31.450865811970374,5.2
212,5,415,391,368,1.0375,0.9775,0.92,0.23750000000000002,0.1775,0.12,"(286.00020291262086, 'Left Curve')",0.003496501015789563,0.0,1.941875,3.891875,10.418396596078148,31.418396596078146,5.5
213,5,416,392,369,1.04,0.98,0.9225,0.24,0.18,0.1225,"(262.7696706860014, 'Left Curve')",0.0038056142377061375,0.0,1.941875,3.891875,10.436035731379617,31.43603573137962,6.1
214,5,323,284,242,0.8075,0.71,0.605,0.0075,-0.09,-0.195,"(182.16579850899882, 'Left Curve')",0.005489504661055247,0.0,1.941875,3.891875,9.166098259188356,30.166098259188356,6.4
215,5,417,393,368,1.0425,0.9825,0.92,0.2425,0.1825,0.12,"(338.9494829765934, 'Left Curve')",0.002950292153326743,0.0,1.941875,3.891875,10.432547135186438,31.43254713518644,5.1
216,5,323,282,244,0.8075,0.705,0.61,0.0075,-0.095,-0.19,"(161.3663835024642, 'Left Curve')",0.006197077596305734,0.0,1.941875,3.891875,9.154863247991077,30.154863247991077,4.2
217,5,416,391,370,1.04,0.9775,0.925,0.24,0.1775,0.125,"(265.0081767092639, 'Left Curve')",0.0037734684733787796,0.0,1.941875,3.891875,10.423422066914334,31.423422066914334,5.2
218,5,415,390,369,1.0375,0.975,0.9225,0.23750000000000002,0.17500000000000002,0.1225,"(318.2082622013886, 'Left Curve')",0.0031425959624112997,0.0,1.941875,3.891875,10.399943855061151,31.399943855061153,5.6
219,5,414,389,371,1.035,0.9725,0.9275,0.23500000000000001,0.17250000000000001,0.1275,"(245.7794041378173, 'Left Curve')",0.0040686891707136874,0.0,1.941875,3.891875,10.404716927559816,31.404716927559818,6.9
220,5,321,279,242,0.8025,0.6975,0.605,0.0025,-0.10250000000000001,-0.195,"(317.7332547449653, 'Left Curve')",0.003147294106191904,0.0,1.941875,3.891875,9.063339791961173,30.063339791961173,5.4
221,5,320,279,242,0.8,0.6975,0.605,0.0,-0.10250000000000001,-0.195,"(686.8336642038878, 'Left Curve')",0.0014559565905365235,0.0,1.941875,3.891875,9.032621841238758,30.032621841238758,6.4
222,5,323,278,241,0.8075,0.6950000000000001,0.6025,0.0075,-0.105,-0.1975,"(765.1759548567206, 'Left Curve')",0.0013068889497282363,0.0,1.941875,3.891875,9.017872824718408,30.01787282471841,6.4
223,5,322,277,242,0.805,0.6925,0.605,0.005,-0.1075,-0.195,"(215.9100023499082, 'Left Curve')",0.004631559395656804,0.0,1.941875,3.891875,9.066212581992918,30.066212581992918,5.7
224,5,333,279,239,0.8325,0.6975,0.5975,0.0325,-0.10250000000000001,-0.2025,"(117.23719710719828, 'Left Curve')",0.008529716034456446,0.0,1.941875,3.891875,9.16110289951524,30.161102899515242,6.0
225,5,320,275,240,0.8,0.6875,0.6,0.0,-0.1125,-0.2,"(186.92690715346288, 'Left Curve')",0.005349684618592775,0.0,1.941875,3.891875,9.055170486843904,30.055170486843906,5.8
226,5,412,387,363,1.03,0.9675,0.9075,0.23,0.1675,0.1075,"(613.077195454624, 'Left Curve')",0.0016311159629065237,0.0,1.941875,3.891875,10.336417703284503,31.336417703284503,6.5
227,5,318,274,239,0.795,0.685,0.5975,-0.005,-0.115,-0.2025,"(241.31232763514373, 'Left Curve')",0.004144007103988351,0.0,1.941875,3.891875,9.021231284073023,30.021231284073025,5.9
228,5,411,387,361,1.0275,0.9675,0.9025,0.2275,0.1675,0.10250000000000001,"(262.85338913641436, 'Left Curve')",0.0038044021546970617,0.0,1.941875,3.891875,10.375857754543954,31.375857754543954,6.3
229,5,409,385,359,1.0225,0.9625,0.8975,0.2225,0.1625,0.0975,"(274.72869226047294, 'Left Curve')",0.0036399547195889183,0.0,1.941875,3.891875,10.348808302598023,31.348808302598023,7.4
230,5,409,385,360,1.0225,0.9625,0.9,0.2225,0.1625,0.1,"(249.1041841232782, 'Left Curve')",0.004014384597832022,0.0,1.941875,3.891875,10.35560339557381,31.35560339557381,6.1
231,5,408,384,359,1.02,0.96,0.8975,0.22,0.16,0.0975,"(308.51255225951934, 'Left Curve')",0.003241359201355297,0.0,1.941875,3.891875,10.329541125825536,31.329541125825536,6.5
232,5,408,384,360,1.02,0.96,0.9,0.22,0.16,0.1,"(274.96061918124866, 'Left Curve')",0.003636884449044754,0.0,1.941875,3.891875,10.336719397009638,31.336719397009638,6.4
233,5,407,384,359,1.0175,0.96,0.8975,0.2175,0.16,0.0975,"(260.2313206753732, 'Left Curve')",0.0038427349844158644,0.0,1.941875,3.891875,10.34045524887316,31.340455248873162,7.0
234,5,406,384,358,1.0150000000000001,0.96,0.895,0.215,0.16,0.095,"(184.5122396067427, 'Left Curve')",0.005419694661618841,0.0,1.941875,3.891875,10.369073465569233,31.369073465569233,5.8
235,5,405,382,355,1.0125,0.9550000000000001,0.8875000000000001,0.2125,0.155,0.08750000000000001,"(147.67397031059807, 'Left Curve')",0.006771674100024067,0.0,1.941875,3.891875,10.369543206045243,31.369543206045243,6.2
236,5,404,382,354,1.01,0.9550000000000001,0.885,0.21,0.155,0.085,"(135.14000635945234, 'Left Curve')",0.007399733261371533,0.0,1.941875,3.891875,10.380940434723456,31.380940434723456,6.4
237,5,403,381,350,1.0075,0.9525,0.875,0.20750000000000002,0.1525,0.075,"(116.63506748666197, 'Left Curve')",0.008573750772805588,0.0,1.941875,3.891875,10.390212646879347,31.39021264687935,7.0
238,5,403,381,353,1.0075,0.9525,0.8825000000000001,0.20750000000000002,0.1525,0.0825,"(135.87345541975168, 'Left Curve')",0.007359789275327665,0.0,1.941875,3.891875,10.368183376508231,31.36818337650823,6.6
239,5,402,381,350,1.0050000000000001,0.9525,0.875,0.20500000000000002,0.1525,0.075,"(106.70184504234402, 'Left Curve')",0.00937190916992256,0.0,1.941875,3.891875,10.40469577755419,31.40469577755419,6.6
240,5,402,382,354,1.0050000000000001,0.9550000000000001,0.885,0.20500000000000002,0.155,0.085,"(120.1767012463002, 'Left Curve')",0.008321080455940592,0.0,1.941875,3.891875,10.397659251857725,31.397659251857725,6.0
241,5,401,380,351,1.0025,0.9500000000000001,0.8775000000000001,0.2025,0.15,0.0775,"(96.84068416941048, 'Left Curve')",0.010326238487231534,0.0,1.941875,3.891875,10.409981140178086,31.409981140178086,7.2
242,5,400,379,353,1.0,0.9475,0.8825000000000001,0.2,0.1475,0.0825,"(155.0804100340389, 'Left Curve')",0.006448267706930283,0.0,1.941875,3.891875,10.327574970020676,31.327574970020677,7.0
243,5,399,379,353,0.9975,0.9475,0.8825000000000001,0.1975,0.1475,0.0825,"(140.53490330746038, 'Left Curve')",0.007115670032605447,0.0,1.941875,3.891875,10.339687425334768,31.339687425334766,5.9
244,5,397,377,350,0.9925,0.9425,0.875,0.1925,0.14250000000000002,0.075,"(124.4944890817246, 'Left Curve')",0.00803248406717464,0.0,1.941875,3.891875,10.33225954440743,31.332259544407428,6.6
245,5,398,378,351,0.995,0.9450000000000001,0.8775000000000001,0.195,0.145,0.0775,"(142.10647419493768, 'Left Curve')",0.007036977067126639,0.0,1.941875,3.891875,10.32622578066346,31.32622578066346,7.0
246,5,398,378,351,0.995,0.9450000000000001,0.8775000000000001,0.195,0.145,0.0775,"(146.49068733420037, 'Left Curve')",0.006826372503247417,0.0,1.941875,3.891875,10.322403495585737,31.32240349558574,5.9
247,5,398,378,352,0.995,0.9450000000000001,0.88,0.195,0.145,0.08,"(170.65943691072215, 'Left Curve')",0.005859623224487343,0.0,1.941875,3.891875,10.30485739905086,31.30485739905086,5.8
248,5,396,378,352,0.99,0.9450000000000001,0.88,0.19,0.145,0.08,"(138.1470403885485, 'Left Curve')",0.007238663942328609,0.0,1.941875,3.891875,10.329886132516599,31.3298861325166,6.7
249,5,396,376,351,0.99,0.9400000000000001,0.8775000000000001,0.19,0.14,0.0775,"(189.48793262244078, 'Left Curve')",0.0052773809189871936,0.0,1.941875,3.891875,10.270219717696008,31.27021971769601,6.6
250,5,394,376,351,0.985,0.9400000000000001,0.8775000000000001,0.185,0.14,0.0775,"(135.07640529831437, 'Left Curve')",0.0074032174441680905,0.0,1.941875,3.891875,10.308804918113667,31.308804918113665,6.4
251,5,393,375,349,0.9825,0.9375,0.8725,0.1825,0.1375,0.0725,"(127.77712304383945, 'Left Curve')",0.007826127057633837,0.0,1.941875,3.891875,10.304446439821831,31.30444643982183,6.3
252,5,393,375,352,0.9825,0.9375,0.88,0.1825,0.1375,0.08,"(197.57518958759522, 'Left Curve')",0.005061364243594203,0.0,1.941875,3.891875,10.254263092059473,31.254263092059475,6.3
253,5,394,376,353,0.985,0.9400000000000001,0.8825000000000001,0.185,0.14,0.0825,"(165.18307510342927, 'Left Curve')",0.006053888991798044,0.0,1.941875,3.891875,10.28431416817258,31.28431416817258,5.9
254,5,393,375,353,0.9825,0.9375,0.8825000000000001,0.1825,0.1375,0.0825,"(168.77175571919707, 'Left Curve')",0.005925162037561563,0.0,1.941875,3.891875,10.269942545223,31.269942545223,7.0
255,5,391,373,351,0.9775,0.9325,0.8775000000000001,0.1775,0.1325,0.0775,"(157.58052917976386, 'Left Curve')",0.006345961681974208,0.0,1.941875,3.891875,10.253509806836659,31.25350980683666,5.8
256,5,389,371,351,0.9725,0.9275,0.8775000000000001,0.17250000000000001,0.1275,0.0775,"(163.04059108414842, 'Left Curve')",0.006133441944428922,0.0,1.941875,3.891875,10.22557980591448,31.225579805914478,6.4
257,5,389,371,351,0.9725,0.9275,0.8775000000000001,0.17250000000000001,0.1275,0.0775,"(166.14982113497734, 'Left Curve')",0.00601866431855871,0.0,1.941875,3.891875,10.223496216305639,31.22349621630564,5.7
258,5,388,370,351,0.97,0.925,0.8775000000000001,0.17,0.125,0.0775,"(189.51590879587894, 'Left Curve')",0.0052766018766111375,0.0,1.941875,3.891875,10.197988113264175,31.197988113264174,6.7
259,5,388,370,351,0.97,0.925,0.8775000000000001,0.17,0.125,0.0775,"(217.22322774559495, 'Left Curve')",0.0046035592527479095,0.0,1.941875,3.891875,10.185769347648407,31.185769347648407,5.4
260,5,386,368,349,0.965,0.92,0.8725,0.165,0.12,0.0725,"(212.360586045153, 'Left Curve')",0.0047089717476451855,0.0,1.941875,3.891875,10.163607657587313,31.163607657587313,6.4
261,5,385,367,349,0.9625,0.9175,0.8725,0.1625,0.11750000000000001,0.0725,"(201.49946888741906, 'Left Curve')",0.004962792237227761,0.0,1.941875,3.891875,10.15617785030828,31.156177850308282,6.5
262,5,385,367,349,0.9625,0.9175,0.8725,0.1625,0.11750000000000001,0.0725,"(231.3985824040325, 'Left Curve')",0.004321547649993613,0.0,1.941875,3.891875,10.144535399486665,31.144535399486664,5.5
263,5,384,366,348,0.96,0.915,0.87,0.16,0.115,0.07,"(267.7740987624182, 'Left Curve')",0.0037344911424284062,0.0,1.941875,3.891875,10.121837735382572,31.12183773538257,6.3
264,5,383,366,348,0.9575,0.915,0.87,0.1575,0.115,0.07,"(216.76318212505595, 'Left Curve')",0.004613329580219374,0.0,1.941875,3.891875,10.137794544135513,31.137794544135513,6.5
265,5,381,364,346,0.9525,0.91,0.865,0.1525,0.11,0.065,"(242.76992808158903, 'Left Curve')",0.004119126318083039,0.0,1.941875,3.891875,10.104743344488664,31.104743344488664,6.0
266,5,381,363,346,0.9525,0.9075,0.865,0.1525,0.1075,0.065,"(229.09651284505645, 'Left Curve')",0.004364972594219818,0.0,1.941875,3.891875,10.097167948152958,31.097167948152958,6.8
267,5,379,362,345,0.9475,0.905,0.8625,0.1475,0.105,0.0625,"(208.895448685058, 'Left Curve')",0.004787083712425222,0.0,1.941875,3.891875,10.092793023339446,31.092793023339446,6.0
268,5,379,362,345,0.9475,0.905,0.8625,0.1475,0.105,0.0625,"(238.79069246056295, 'Left Curve')",0.004187767913798203,0.0,1.941875,3.891875,10.081910572730354,31.081910572730354,5.4
269,5,378,361,344,0.9450000000000001,0.9025,0.86,0.145,0.10250000000000001,0.06,"(236.77329125687731, 'Left Curve')",0.004223449337092213,0.0,1.941875,3.891875,10.070518555839223,31.07051855583922,6.3
270,5,376,360,342,0.9400000000000001,0.9,0.855,0.14,0.1,0.055,"(217.7124654284732, 'Left Curve')",0.00459321425639056,0.0,1.941875,3.891875,10.065192889323804,31.065192889323804,6.3
271,5,376,360,343,0.9400000000000001,0.9,0.8575,0.14,0.1,0.0575,"(239.82490065207043, 'Left Curve')",0.004169708805386998,0.0,1.941875,3.891875,10.057502480027816,31.057502480027814,6.7
272,5,375,359,342,0.9375,0.8975,0.855,0.1375,0.0975,0.055,"(211.02163172771918, 'Left Curve')",0.0047388506657473775,0.0,1.941875,3.891875,10.055797234127024,31.055797234127024,6.3
273,5,375,358,342,0.9375,0.895,0.855,0.1375,0.095,0.055,"(191.0456335410055, 'Left Curve')",0.005234351507883915,0.0,1.941875,3.891875,10.052754744033795,31.052754744033795,6.3
274,5,373,357,341,0.9325,0.8925000000000001,0.8525,0.1325,0.0925,0.0525,"(190.5971017502246, 'Left Curve')",0.005246669497159978,0.0,1.941875,3.891875,10.04093788037318,31.04093788037318,6.0
275,5,373,357,340,0.9325,0.8925000000000001,0.85,0.1325,0.0925,0.05,"(163.46295452618602, 'Left Curve')",0.006117594062205725,0.0,1.941875,3.891875,10.056753267237575,31.056753267237575,6.1
276,5,371,355,340,0.9275,0.8875000000000001,0.85,0.1275,0.08750000000000001,0.05,"(173.53951232357542, 'Left Curve')",0.005762376456005227,0.0,1.941875,3.891875,10.02622142008128,31.026221420081278,6.7
277,5,371,355,339,0.9275,0.8875000000000001,0.8475,0.1275,0.08750000000000001,0.0475,"(128.91856925935497, 'Left Curve')",0.007756834455618465,0.0,1.941875,3.891875,10.062439651675728,31.062439651675728,5.5
278,5,370,354,339,0.925,0.885,0.8475,0.125,0.085,0.0475,"(154.6107218216817, 'Left Curve')",0.006467856745105538,0.0,1.941875,3.891875,10.026991990602676,31.026991990602674,5.3
279,5,371,354,338,0.9275,0.885,0.845,0.1275,0.085,0.045,"(150.4266421811289, 'Left Curve')",0.006647758571888474,0.0,1.941875,3.891875,10.030259015790207,31.030259015790207,4.3
280,5,370,353,338,0.925,0.8825000000000001,0.845,0.125,0.0825,0.045,"(145.19331128168838, 'Left Curve')",0.006887369612088452,0.0,1.941875,3.891875,10.022569418818325,31.022569418818325,5.5
281,5,370,353,337,0.925,0.8825000000000001,0.8425,0.125,0.0825,0.0425,"(131.446825381204, 'Left Curve')",0.007607639036545291,0.0,1.941875,3.891875,10.035649426505929,31.035649426505927,5.9
282,5,369,352,337,0.9225,0.88,0.8425,0.1225,0.08,0.0425,"(125.64091870738878, 'Left Curve')",0.007959190447571849,0.0,1.941875,3.891875,10.029992718443468,31.029992718443467,5.8
283,5,369,351,337,0.9225,0.8775000000000001,0.8425,0.1225,0.0775,0.0425,"(120.51049188513005, 'Left Curve')",0.008298032680450717,0.0,1.941875,3.891875,10.024105185070002,31.024105185070002,7.0
284,5,367,350,335,0.9175,0.875,0.8375,0.11750000000000001,0.075,0.0375,"(122.15479664886755, 'Left Curve')",0.008186334285951027,0.0,1.941875,3.891875,10.010035605141058,31.010035605141056,5.8
285,5,368,350,335,0.92,0.875,0.8375,0.12,0.075,0.0375,"(120.40196079972361, 'Left Curve')",0.008305512579345763,0.0,1.941875,3.891875,10.012199952352521,31.01219995235252,5.9
286,5,366,349,334,0.915,0.8725,0.835,0.115,0.0725,0.035,"(118.43870354979825, 'Left Curve')",0.008443185969015138,0.0,1.941875,3.891875,10.002658874202051,31.00265887420205,4.1
287,5,366,349,334,0.915,0.8725,0.835,0.115,0.0725,0.035,"(117.18809484919268, 'Left Curve')",0.00853329001795688,0.0,1.941875,3.891875,10.004295216947286,31.004295216947284,5.0
288,5,365,348,334,0.9125,0.87,0.835,0.1125,0.07,0.035,"(111.31199180745833, 'Left Curve')",0.008983758027883895,0.0,1.941875,3.891875,10.000434630945131,31.00043463094513,6.5
289,5,365,348,334,0.9125,0.87,0.835,0.1125,0.07,0.035,"(105.77362136151169, 'Left Curve')",0.009454153002686871,0.0,1.941875,3.891875,10.008977265709241,31.00897726570924,6.0
290,5,365,348,334,0.9125,0.87,0.835,0.1125,0.07,0.035,"(110.12146341520801, 'Left Curve')",0.00908088186432417,0.0,1.941875,3.891875,10.002198462859281,31.002198462859283,6.7
291,5,367,348,335,0.9175,0.87,0.8375,0.11750000000000001,0.07,0.0375,"(111.14798235770212, 'Left Curve')",0.008997014419764714,0.0,1.941875,3.891875,10.000675420029726,31.000675420029726,5.9
292,5,366,348,335,0.915,0.87,0.8375,0.115,0.07,0.0375,"(107.16184084509425, 'Left Curve')",0.009331679934889611,0.0,1.941875,3.891875,10.006753117329449,31.00675311732945,5.4
293,5,368,348,335,0.92,0.87,0.8375,0.12,0.07,0.0375,"(94.1036032658554, 'Left Curve')",0.01062658564916866,0.0,1.941875,3.891875,10.030268879693494,31.030268879693494,5.7
294,5,366,346,335,0.915,0.865,0.8375,0.115,0.065,0.0375,"(109.3372478835278, 'Left Curve')",0.009146014001241886,0.0,1.941875,3.891875,9.979298250852812,30.979298250852814,6.8
295,5,366,346,335,0.915,0.865,0.8375,0.115,0.065,0.0375,"(102.7549540057487, 'Left Curve')",0.009731890882302904,0.0,1.941875,3.891875,9.989938415191542,30.989938415191542,6.4
296,5,367,347,335,0.9175,0.8675,0.8375,0.11750000000000001,0.0675,0.0375,"(102.72788472768559, 'Left Curve')",0.00973445528106446,0.0,1.941875,3.891875,10.002026465088807,31.002026465088807,6.0
297,5,368,347,335,0.92,0.8675,0.8375,0.12,0.0675,0.0375,"(103.20439323390353, 'Left Curve')",0.009689509997249724,0.0,1.941875,3.891875,10.001210253849887,31.001210253849887,6.4
298,5,368,347,335,0.92,0.8675,0.8375,0.12,0.0675,0.0375,"(102.50528240729852, 'Left Curve')",0.009755594799754424,0.0,1.941875,3.891875,10.002410395875813,31.002410395875813,6.3
299,5,370,348,337,0.925,0.87,0.8425,0.125,0.07,0.0425,"(129.41840857352693, 'Left Curve')",0.007726876037359604,0.0,1.941875,3.891875,9.97760853546363,30.97760853546363,6.0
300,5,370,348,336,0.925,0.87,0.84,0.125,0.07,0.04,"(127.84090125683974, 'Left Curve')",0.00782222270156671,0.0,1.941875,3.891875,9.979340154022966,30.979340154022964,5.8
301,5,370,348,336,0.925,0.87,0.84,0.125,0.07,0.04,"(125.61762497325867, 'Left Curve')",0.00796066634927128,0.0,1.941875,3.891875,9.981854456467428,30.981854456467428,6.0
302,5,373,350,337,0.9325,0.875,0.8425,0.1325,0.075,0.0425,"(130.7646545602778, 'Left Curve')",0.0076473264381930976,0.0,1.941875,3.891875,10.000247064882602,31.0002470648826,6.5
303,5,373,350,337,0.9325,0.875,0.8425,0.1325,0.075,0.0425,"(132.13982509938123, 'Left Curve')",0.007567741210856823,0.0,1.941875,3.891875,9.998801741641955,30.998801741641955,6.2
304,5,374,351,337,0.935,0.8775000000000001,0.8425,0.135,0.0775,0.0425,"(161.21762343439428, 'Left Curve')",0.006202795815352897,0.0,1.941875,3.891875,9.986054663781356,30.986054663781356,5.7
305,5,374,351,337,0.935,0.8775000000000001,0.8425,0.135,0.0775,0.0425,"(172.45248152092665, 'Left Curve')",0.005798698813612912,0.0,1.941875,3.891875,9.97871579705476,30.97871579705476,6.3
306,5,375,352,337,0.9375,0.88,0.8425,0.1375,0.08,0.0425,"(184.7378067156153, 'Left Curve')",0.00541307714851999,0.0,1.941875,3.891875,9.983754188330105,30.983754188330103,6.2
307,5,376,353,338,0.9400000000000001,0.8825000000000001,0.845,0.14,0.0825,0.045,"(249.55176765375654, 'Left Curve')",0.004007184599018595,0.0,1.941875,3.891875,9.970263170715947,30.970263170715945,6.2
308,5,378,354,339,0.9450000000000001,0.885,0.8475,0.145,0.085,0.0475,"(315.84289062491115, 'Left Curve')",0.0031661311040481212,0.0,1.941875,3.891875,9.967030344837417,30.96703034483742,6.8
309,5,377,354,338,0.9425,0.885,0.845,0.14250000000000002,0.085,0.045,"(271.0026964207653, 'Left Curve')",0.003690000185265227,0.0,1.941875,3.891875,9.97654453299211,30.976544532992108,8.4
310,5,378,354,338,0.9450000000000001,0.885,0.845,0.145,0.085,0.045,"(308.5049257041959, 'Left Curve')",0.0032414393310492263,0.0,1.941875,3.891875,9.968398060957115,30.968398060957114,6.6
311,5,377,354,337,0.9425,0.885,0.8425,0.14250000000000002,0.085,0.0425,"(459.29247455613324, 'Left Curve')",0.0021772618873549237,0.0,1.941875,3.891875,9.949070715457712,30.94907071545771,7.0
312,5,378,355,338,0.9450000000000001,0.8875000000000001,0.845,0.145,0.08750000000000001,0.045,"(668.7882344330706, 'Left Curve')",0.0014952416153787402,0.0,1.941875,3.891875,9.948726138813889,30.94872613881389,5.3
313,5,380,356,338,0.9500000000000001,0.89,0.845,0.15,0.09,0.045,"(1243.931893058767, 'Left Curve')",0.0008039025332335917,0.0,1.941875,3.891875,9.948212341355141,30.94821234135514,5.4
314,5,381,358,339,0.9525,0.895,0.8475,0.1525,0.095,0.0475,"(548.6135079911237, 'Left Curve')",0.0018227768464209588,0.0,1.941875,3.891875,9.99080044256878,30.99080044256878,6.1
315,5,380,357,338,0.9500000000000001,0.8925000000000001,0.845,0.15,0.0925,0.045,"(948.0273324178644, 'Left Curve')",0.001054821908403826,0.0,1.941875,3.891875,9.964811616577004,30.964811616577002,6.5
316,5,380,357,338,0.9500000000000001,0.8925000000000001,0.845,0.15,0.0925,0.045,"(5256.052456953863, 'Left Curve')",0.00019025685306412417,0.0,1.941875,3.891875,9.949109563575005,30.949109563575007,5.7
317,5,380,357,338,0.9500000000000001,0.8925000000000001,0.845,0.15,0.0925,0.045,"(1383.4368500574121, 'Left Curve')",0.0007228374753488028,0.0,1.941875,3.891875,9.958782223087914,30.958782223087915,6.5
318,5,380,357,338,0.9500000000000001,0.8925000000000001,0.845,0.15,0.0925,0.045,"(2281.5326114877375, 'Left Curve')",0.0004383018655814531,0.0,1.941875,3.891875,9.95361454029102,30.95361454029102,6.5
319,5,382,358,340,0.9550000000000001,0.895,0.85,0.155,0.095,0.05,"(1248.4489304198369, 'Left Curve')",0.0008009939178398858,0.0,1.941875,3.891875,9.972243686245164,30.972243686245164,6.5
320,5,382,359,340,0.9550000000000001,0.8975,0.85,0.155,0.0975,0.05,"(764.147518001951, 'Left Curve')",0.0013086478414727335,0.0,1.941875,3.891875,9.993504942366478,30.993504942366478,5.9
321,5,385,361,341,0.9625,0.9025,0.8525,0.1625,0.10250000000000001,0.0525,"(968.4759130510183, 'Left Curve')",0.0010325502023583327,0.0,1.941875,3.891875,10.012573567371772,31.012573567371774,5.8
322,5,383,359,339,0.9575,0.8975,0.8475,0.1575,0.0975,0.0475,"(1206.3447198934364, 'Left Curve')",0.000828950451317378,0.0,1.941875,3.891875,9.984793198164917,30.984793198164915,6.2
323,5,383,360,339,0.9575,0.9,0.8475,0.1575,0.1,0.0475,"(763.7297716130402, 'Left Curve')",0.001309363648202353,0.0,1.941875,3.891875,10.005559360848144,31.005559360848146,6.4
324,5,383,360,339,0.9575,0.9,0.8475,0.1575,0.1,0.0475,"(905.0108001413116, 'Left Curve')",0.001104959189264765,0.0,1.941875,3.891875,10.00184725638014,31.001847256380138,4.7
325,5,384,361,340,0.96,0.9025,0.85,0.16,0.10250000000000001,0.05,"(605.9254537812839, 'Left Curve')",0.0016503680341525347,0.0,1.941875,3.891875,10.02379323355328,31.023793233553278,5.3
326,5,385,362,340,0.9625,0.905,0.85,0.1625,0.105,0.05,"(538.547478508956, 'Left Curve')",0.0018568464989728293,0.0,1.941875,3.891875,10.039583664117357,31.03958366411736,7.2
327,5,386,363,341,0.965,0.9075,0.8525,0.165,0.1075,0.0525,"(892.3268614259807, 'Left Curve')",0.0011206655803255238,0.0,1.941875,3.891875,10.03825559755774,31.03825559755774,6.5
328,5,385,363,340,0.9625,0.9075,0.85,0.1625,0.1075,0.05,"(3057.5803288488432, 'Left Curve')",0.0003270560026059864,0.0,1.941875,3.891875,10.023843769213848,31.023843769213848,6.3
329,5,385,363,340,0.9625,0.9075,0.85,0.1625,0.1075,0.05,"(4616.17044483685, 'Left Curve')",0.0002166297826195937,0.0,1.941875,3.891875,10.021838422985459,31.02183842298546,6.7
330,5,386,364,340,0.965,0.91,0.85,0.165,0.11,0.05,"(1518.9572731341948, 'Left Curve')",0.0006583463654225206,0.0,1.941875,3.891875,10.041900725298593,31.041900725298593,6.9
331,5,386,364,341,0.965,0.91,0.8525,0.165,0.11,0.0525,"(4405.8648903573885, 'Left Curve')",0.00022697019197946477,0.0,1.941875,3.891875,10.034067093413114,31.034067093413114,6.3
332,5,386,365,341,0.965,0.9125,0.8525,0.165,0.1125,0.0525,"(978.2141759390614, 'Left Curve')",0.0010222710165082455,0.0,1.941875,3.891875,10.060549733999647,31.060549733999647,7.6
333,5,388,367,343,0.97,0.9175,0.8575,0.17,0.11750000000000001,0.0575,"(378.754152231225, 'Left Curve')",0.00264023508154047,0.0,1.941875,3.891875,10.11400832580579,31.11400832580579,6.2
334,5,389,368,344,0.9725,0.92,0.86,0.17250000000000001,0.12,0.06,"(258.6470799806905, 'Left Curve')",0.0038662721422358833,0.0,1.941875,3.891875,10.148307841717601,31.148307841717603,6.1
335,5,389,368,345,0.9725,0.92,0.8625,0.17250000000000001,0.12,0.0625,"(268.77916795353224, 'Left Curve')",0.0037205264366801096,0.0,1.941875,3.891875,10.14566165854171,31.145661658541712,6.2
336,5,388,367,344,0.97,0.9175,0.86,0.17,0.11750000000000001,0.06,"(226.7280056287816, 'Left Curve')",0.004410571147691764,0.0,1.941875,3.891875,10.146151817995923,31.14615181799592,6.5
337,5,390,368,347,0.975,0.92,0.8675,0.17500000000000002,0.12,0.0675,"(276.85211055105003, 'Left Curve')",0.003612036758576942,0.0,1.941875,3.891875,10.14369191250957,31.14369191250957,6.4
338,5,391,369,348,0.9775,0.9225,0.87,0.1775,0.1225,0.07,"(205.28088984472615, 'Left Curve')",0.004871374051215372,0.0,1.941875,3.891875,10.178594042099599,31.178594042099597,6.5
339,5,393,371,350,0.9825,0.9275,0.875,0.1825,0.1275,0.075,"(234.32657443602116, 'Left Curve')",0.004267548409337725,0.0,1.941875,3.891875,10.191706689199389,31.19170668919939,5.6
340,5,394,372,350,0.985,0.93,0.875,0.185,0.13,0.075,"(211.39180776221042, 'Left Curve')",0.004730552288596141,0.0,1.941875,3.891875,10.212149195870913,31.212149195870914,6.7
341,5,394,372,350,0.985,0.93,0.875,0.185,0.13,0.075,"(253.60894096157494, 'Left Curve')",0.003943078647812788,0.0,1.941875,3.891875,10.197853379241527,31.19785337924153,6.4
342,5,393,371,349,0.9825,0.9275,0.8725,0.1825,0.1275,0.0725,"(269.9489061153784, 'Left Curve')",0.0037044047126925258,0.0,1.941875,3.891875,10.181482978920508,31.181482978920506,6.4
343,5,392,372,349,0.98,0.93,0.8725,0.18,0.13,0.0725,"(321.61187784045427, 'Left Curve')",0.003109337897327541,0.0,1.941875,3.891875,10.182717122827626,31.182717122827626,6.7
344,5,393,373,350,0.9825,0.9325,0.875,0.1825,0.1325,0.075,"(370.6569688864018, 'Left Curve')",0.002697912312304259,0.0,1.941875,3.891875,10.187285268855014,31.187285268855014,6.8
345,5,395,375,352,0.9875,0.9375,0.88,0.1875,0.1375,0.08,"(631.5505030289322, 'Left Curve')",0.0015834046449238416,0.0,1.941875,3.891875,10.191126569771843,31.191126569771843,6.6
346,5,395,376,352,0.9875,0.9400000000000001,0.88,0.1875,0.14,0.08,"(979.8483557334833, 'Left Curve')",0.001020566084689127,0.0,1.941875,3.891875,10.192945800881198,31.192945800881198,6.5
347,5,396,377,353,0.99,0.9425,0.8825000000000001,0.19,0.14250000000000002,0.0825,"(6047.769172340459, 'Left Curve')",0.00016535022609221123,0.0,1.941875,3.891875,10.189457078379018,31.189457078379018,6.0
348,5,395,376,353,0.9875,0.9400000000000001,0.8825000000000001,0.1875,0.14,0.0825,"(9139.702068425595, 'Left Curve')",0.00010941275683970517,0.0,1.941875,3.891875,10.176404002747137,31.176404002747137,6.7
349,5,395,377,353,0.9875,0.9425,0.8825000000000001,0.1875,0.14250000000000002,0.0825,"(3975.0444977821517, 'Left Curve')",0.00025156951087162494,0.0,1.941875,3.891875,10.191022329470655,31.191022329470655,6.7
350,5,396,377,355,0.99,0.9425,0.8875000000000001,0.19,0.14250000000000002,0.08750000000000001,"(685.5509468661895, 'Left Curve')",0.0014586807947260946,0.0,1.941875,3.891875,10.212936412732844,31.212936412732844,6.6
351,5,397,379,356,0.9925,0.9475,0.89,0.1925,0.1475,0.09,"(564.3024525744303, 'Left Curve')",0.0017720993333235641,0.0,1.941875,3.891875,10.242698729620821,31.24269872962082,6.0
352,5,397,379,356,0.9925,0.9475,0.89,0.1925,0.1475,0.09,"(509.24394342683786, 'Left Curve')",0.001963695421237088,0.0,1.941875,3.891875,10.246176674828005,31.246176674828007,6.6
353,5,399,381,359,0.9975,0.9525,0.8975,0.1975,0.1525,0.0975,"(412.0636380103153, 'Left Curve')",0.002426809618117692,0.0,1.941875,3.891875,10.278653968031552,31.278653968031552,6.4
354,5,400,381,359,1.0,0.9525,0.8975,0.2,0.1525,0.0975,"(396.02289345483183, 'Left Curve')",0.0025251065444125754,0.0,1.941875,3.891875,10.280438183733402,31.280438183733402,6.0
355,5,401,382,361,1.0025,0.9550000000000001,0.9025,0.2025,0.155,0.10250000000000001,"(503.7195973927459, 'Left Curve')",0.0019852314763531198,0.0,1.941875,3.891875,10.282673884473855,31.282673884473855,6.6
356,5,400,382,361,1.0,0.9550000000000001,0.9025,0.2,0.155,0.10250000000000001,"(613.2155703961688, 'Left Curve')",0.0016307478940137618,0.0,1.941875,3.891875,10.276239612315685,31.276239612315685,5.8
357,5,403,384,363,1.0075,0.96,0.9075,0.20750000000000002,0.16,0.1075,"(721.931767668692, 'Left Curve')",0.0013851724564348561,0.0,1.941875,3.891875,10.295851910014648,31.295851910014648,6.7
358,5,403,384,363,1.0075,0.96,0.9075,0.20750000000000002,0.16,0.1075,"(602.3593525550348, 'Left Curve')",0.0016601385796672504,0.0,1.941875,3.891875,10.300842612256778,31.30084261225678,6.2
359,5,404,385,365,1.01,0.9625,0.9125,0.21,0.1625,0.1125,"(548.9408997744902, 'Left Curve')",0.0018216897309178619,0.0,1.941875,3.891875,10.315808925364337,31.315808925364337,5.9
360,5,403,385,363,1.0075,0.9625,0.9075,0.20750000000000002,0.1625,0.1075,"(3284.4589837385174, 'Left Curve')",0.0003044641461351895,0.0,1.941875,3.891875,10.288271138371721,31.28827113837172,5.8
361,5,405,386,365,1.0125,0.965,0.9125,0.2125,0.165,0.1125,"(947.5734019802353, 'Left Curve')",0.001055327215717752,0.0,1.941875,3.891875,10.313933817232162,31.31393381723216,6.4
362,5,405,387,364,1.0125,0.9675,0.91,0.2125,0.1675,0.11,"(3954.4183587581874, 'Left Curve')",0.00025288169062466915,0.0,1.941875,3.891875,10.311403785916783,31.31140378591678,6.3
363,5,407,388,367,1.0175,0.97,0.9175,0.2175,0.17,0.11750000000000001,"(1653.6834742757976, 'Left Curve')",0.0006047106447852319,0.0,1.941875,3.891875,10.329823077820286,31.329823077820286,7.3
364,5,406,388,364,1.0150000000000001,0.97,0.91,0.215,0.17,0.11,"(2239.0044739953737, 'Left Curve')",0.00044662706645492224,0.0,1.941875,3.891875,10.326954017695236,31.326954017695236,6.6
365,5,408,389,367,1.02,0.9725,0.9175,0.22,0.17250000000000001,0.11750000000000001,"(946.5365213540251, 'Left Curve')",0.0010564832707875816,0.0,1.941875,3.891875,10.350055297584822,31.350055297584824,6.3
366,5,408,390,365,1.02,0.975,0.9125,0.22,0.17500000000000002,0.1125,"(1632.6145306061637, 'Left Curve')",0.0006125144553434276,0.0,1.941875,3.891875,10.354031099917638,31.354031099917638,6.0
367,5,411,392,369,1.0275,0.98,0.9225,0.2275,0.18,0.1225,"(2393.493153491246, 'Left Curve')",0.00041779939856579886,0.0,1.941875,3.891875,10.37456260788443,31.374562607884428,6.1
368,5,411,392,368,1.0275,0.98,0.92,0.2275,0.18,0.12,"(1344.8624381513466, 'Left Curve')",0.0007435704735531197,0.0,1.941875,3.891875,10.380474271376194,31.380474271376194,6.5
369,5,412,393,370,1.03,0.9825,0.925,0.23,0.1825,0.125,"(3655.136135170419, 'Left Curve')",0.0002735876210950965,0.0,1.941875,3.891875,10.383977711464388,31.38397771146439,7.3
370,5,411,392,369,1.0275,0.98,0.9225,0.2275,0.18,0.1225,"(1035.3614427275568, 'Left Curve')",0.0009658462820149062,0.0,1.941875,3.891875,10.384507780722505,31.384507780722505,6.9
371,5,413,393,371,1.0325,0.9825,0.9275,0.2325,0.1825,0.1275,"(9512.817822866062, 'Left Curve')",0.00010512132352585259,0.0,1.941875,3.891875,10.380920668945427,31.38092066894543,7.3
372,5,414,394,371,1.035,0.985,0.9275,0.23500000000000001,0.185,0.1275,"(1326.7269827998612, 'Left Curve')",0.0007537345761142566,0.0,1.941875,3.891875,10.404721993469764,31.404721993469764,6.5
373,5,417,395,374,1.0425,0.9875,0.935,0.2425,0.1875,0.135,"(1378.6836087518718, 'Left Curve')",0.0007253295779046103,0.0,1.941875,3.891875,10.4162376798581,31.4162376798581,6.3
374,5,417,396,374,1.0425,0.99,0.935,0.2425,0.19,0.135,"(843.7672726962593, 'Left Curve')",0.001185160923348566,0.0,1.941875,3.891875,10.43661150664231,31.436611506642308,5.9
375,5,418,396,375,1.045,0.99,0.9375,0.245,0.19,0.1375,"(500.53031945829497, 'Left Curve')",0.0019978809696928296,0.0,1.941875,3.891875,10.451357036882456,31.451357036882456,6.6
376,5,418,396,374,1.045,0.99,0.935,0.245,0.19,0.135,"(508.770976524455, 'Left Curve')",0.0019655209242304982,0.0,1.941875,3.891875,10.450769930818273,31.450769930818275,6.6
377,5,419,396,375,1.0475,0.99,0.9375,0.2475,0.19,0.1375,"(398.81466738158565, 'Left Curve')",0.0025074303474480805,0.0,1.941875,3.891875,10.460601709482184,31.460601709482184,6.8
378,5,421,397,378,1.0525,0.9925,0.9450000000000001,0.2525,0.1925,0.145,"(318.0648918269591, 'Left Curve')",0.0031440125134717563,0.0,1.941875,3.891875,10.484179534751721,31.48417953475172,6.2
379,5,424,399,380,1.06,0.9975,0.9500000000000001,0.26,0.1975,0.15,"(239.32025846658334, 'Left Curve')",0.0041785012535394345,0.0,1.941875,3.891875,10.527000955370038,31.52700095537004,7.0
380,5,425,399,380,1.0625,0.9975,0.9500000000000001,0.2625,0.1975,0.15,"(240.2990090413502, 'Left Curve')",0.004161481996906287,0.0,1.941875,3.891875,10.526692266843112,31.526692266843114,8.3
381,5,427,400,383,1.0675000000000001,1.0,0.9575,0.2675,0.2,0.1575,"(202.26942163813345, 'Left Curve')",0.004943901020239393,0.0,1.941875,3.891875,10.552910573248662,31.55291057324866,6.7
382,5,426,399,382,1.065,0.9975,0.9550000000000001,0.265,0.1975,0.155,"(213.02561395945602, 'Left Curve')",0.004694271179006317,0.0,1.941875,3.891875,10.53635641191821,31.53635641191821,6.1
383,5,428,399,384,1.07,0.9975,0.96,0.27,0.1975,0.16,"(182.23231224167586, 'Left Curve')",0.005487501023823939,0.0,1.941875,3.891875,10.550744114957869,31.55074411495787,6.1
384,5,427,399,384,1.0675000000000001,0.9975,0.96,0.2675,0.1975,0.16,"(187.1752348950718, 'Left Curve')",0.005342587124629965,0.0,1.941875,3.891875,10.548115679817982,31.548115679817982,6.3
385,5,432,400,388,1.08,1.0,0.97,0.28,0.2,0.17,"(153.33681379878308, 'Left Curve')",0.0065215910988750195,0.0,1.941875,3.891875,10.58152481047016,31.58152481047016,5.8
386,5,433,401,389,1.0825,1.0025,0.9725,0.28250000000000003,0.2025,0.17250000000000001,"(180.92383670306327, 'Left Curve')",0.005527187673126925,0.0,1.941875,3.891875,10.575515320669856,31.575515320669858,5.6
387,5,436,403,391,1.09,1.0075,0.9775,0.29,0.20750000000000002,0.1775,"(172.44987514918353, 'Left Curve')",0.005798786453947366,0.0,1.941875,3.891875,10.604490180783538,31.604490180783536,6.5
388,5,437,403,390,1.0925,1.0075,0.975,0.2925,0.20750000000000002,0.17500000000000002,"(175.98490670214716, 'Left Curve')",0.005682305481415465,0.0,1.941875,3.891875,10.602377871046656,31.602377871046656,7.0
389,5,438,403,391,1.095,1.0075,0.9775,0.295,0.20750000000000002,0.1775,"(176.57364274428014, 'Left Curve')",0.005663359403239098,0.0,1.941875,3.891875,10.602034310052138,31.60203431005214,6.1
390,5,438,402,390,1.095,1.0050000000000001,0.975,0.295,0.20500000000000002,0.17500000000000002,"(174.89075162385487, 'Left Curve')",0.005717855236569304,0.0,1.941875,3.891875,10.590998229107164,31.590998229107164,6.3
391,5,440,403,391,1.1,1.0075,0.9775,0.3,0.20750000000000002,0.1775,"(168.30679120408183, 'Left Curve')",0.005941530896322784,0.0,1.941875,3.891875,10.607078871555494,31.607078871555494,6.6
392,5,441,403,392,1.1025,1.0075,0.98,0.3025,0.20750000000000002,0.18,"(182.24264671684108, 'Left Curve')",0.005487189842856852,0.0,1.941875,3.891875,10.598839579907324,31.598839579907324,6.2
393,5,445,405,395,1.1125,1.0125,0.9875,0.3125,0.2125,0.1875,"(165.93229938150725, 'Left Curve')",0.006026554225593089,0.0,1.941875,3.891875,10.63266764259797,31.63266764259797,6.7
394,5,444,404,394,1.11,1.01,0.985,0.31,0.21,0.185,"(182.40624790531058, 'Left Curve')",0.005482268351460816,0.0,1.941875,3.891875,10.610774437077083,31.610774437077083,5.8
395,5,446,405,394,1.115,1.0125,0.985,0.315,0.2125,0.185,"(181.17725480076828, 'Left Curve')",0.005519456628811662,0.0,1.941875,3.891875,10.623472402540598,31.6234724025406,7.1
396,5,446,405,394,1.115,1.0125,0.985,0.315,0.2125,0.185,"(187.16875680405647, 'Left Curve')",0.005342772036718081,0.0,1.941875,3.891875,10.620268491107954,31.620268491107954,6.0
397,5,449,406,396,1.1225,1.0150000000000001,0.99,0.3225,0.215,0.19,"(166.87585637952452, 'Left Curve')",0.005992478610720699,0.0,1.941875,3.891875,10.64407255568665,31.64407255568665,6.5
398,5,448,406,396,1.12,1.0150000000000001,0.99,0.32,0.215,0.19,"(208.6149253746202, 'Left Curve')",0.004793520876822452,0.0,1.941875,3.891875,10.622332048745799,31.622332048745797,6.0
399,5,452,408,397,1.1300000000000001,1.02,0.9925,0.33,0.22,0.1925,"(203.61347976811422, 'Left Curve')",0.004911266194845512,0.0,1.941875,3.891875,10.648512811647798,31.648512811647798,6.6
400,5,451,408,394,1.1275,1.02,0.985,0.3275,0.22,0.185,"(326.1382205961248, 'Left Curve')",0.0030661846323076494,0.0,1.941875,3.891875,10.615056112734724,31.615056112734724,6.3
401,5,455,410,395,1.1375,1.025,0.9875,0.3375,0.225,0.1875,"(263.97501533608033, 'Left Curve')",0.0037882373024085174,0.0,1.941875,3.891875,10.652194810678068,31.65219481067807,4.3
402,5,268,201,240,0.67,0.5025000000000001,0.6,-0.13,-0.2975,-0.2,"(1155.5519939658516, 'Left Curve')",0.0008653872826336463,0.0,1.941875,3.891875,8.08367182319318,29.08367182319318,5.5
403,5,458,412,392,1.145,1.03,0.98,0.34500000000000003,0.23,0.18,"(846.2829251801711, 'Left Curve')",0.0011816379253865993,0.0,1.941875,3.891875,10.6289762919846,31.6289762919846,5.2
404,5,275,202,227,0.6875,0.505,0.5675,-0.1125,-0.295,-0.2325,"(1077.6717848752487, 'Left Curve')",0.0009279263074663869,0.0,1.941875,3.891875,8.09681521653665,29.096815216536648,5.3
405,5,276,202,221,0.6900000000000001,0.505,0.5525,-0.11,-0.295,-0.2475,"(305.85099240967327, 'Left Curve')",0.0032695659808765513,0.0,1.941875,3.891875,8.139236336290624,29.139236336290622,7.3
406,5,456,411,389,1.1400000000000001,1.0275,0.9725,0.34,0.2275,0.17250000000000001,"(877.5888429473913, 'Left Curve')",0.001139485771766981,0.0,1.941875,3.891875,10.61618855595147,31.61618855595147,7.1
407,5,457,412,389,1.1425,1.03,0.9725,0.3425,0.23,0.17250000000000001,"(616.5382733308145, 'Left Curve')",0.0016219593223265028,0.0,1.941875,3.891875,10.636960553945423,31.63696055394542,5.6
408,5,276,197,181,0.6900000000000001,0.4925,0.4525,-0.11,-0.3075,-0.34750000000000003,"(210.48169655724544, 'Left Curve')",0.004751006934838282,0.0,1.941875,3.891875,8.106014919685096,29.106014919685094,5.0
409,5,286,208,249,0.715,0.52,0.6225,-0.085,-0.28,-0.1775,"(116.6394838641923, 'Left Curve')",0.008573426140708384,0.0,1.941875,3.891875,8.307460860308018,29.30746086030802,4.4
410,5,276,187,115,0.6900000000000001,0.4675,0.28750000000000003,-0.11,-0.3325,-0.5125,"(153.9557748267731, 'Left Curve')",0.006495371811321616,0.0,1.941875,3.891875,8.017519750911925,29.017519750911923,5.9
411,5,274,194,153,0.685,0.485,0.3825,-0.115,-0.315,-0.4175,"(243.57055837946186, 'Left Curve')",0.004105586515272041,0.0,1.941875,3.891875,8.058294477852609,29.05829447785261,6.4
412,5,283,206,230,0.7075,0.515,0.5750000000000001,-0.0925,-0.28500000000000003,-0.225,"(100.12202432447671, 'Left Curve')",0.009987812439340894,0.0,1.941875,3.891875,8.309061532470325,29.309061532470324,6.5
413,5,275,205,224,0.6875,0.5125,0.56,-0.1125,-0.28750000000000003,-0.24,"(615.8819295677056, 'Left Curve')",0.0016236878401383057,0.0,1.941875,3.891875,8.145455444574685,29.145455444574687,8.4
414,5,276,205,224,0.6900000000000001,0.5125,0.56,-0.11,-0.28750000000000003,-0.24,"(1002.1546266733704, 'Left Curve')",0.0009978500057615633,0.0,1.941875,3.891875,8.134116801614756,29.134116801614756,6.6
415,5,277,201,214,0.6925,0.5025000000000001,0.535,-0.1075,-0.2975,-0.265,"(102.43947554863394, 'Left Curve')",0.00976186176905252,0.0,1.941875,3.891875,8.244870006490526,29.244870006490526,6.2
416,5,272,202,215,0.68,0.505,0.5375,-0.12,-0.295,-0.2625,"(5109.843842146565, 'Left Curve')",0.00019570069671246855,0.0,1.941875,3.891875,8.083551741439981,29.083551741439983,6.7
417,5,460,412,391,1.1500000000000001,1.03,0.9775,0.35000000000000003,0.23,0.1775,"(650.7557427419114, 'Left Curve')",0.0015366748755632545,0.0,1.941875,3.891875,10.635414186246214,31.635414186246216,6.8
418,5,460,410,393,1.1500000000000001,1.025,0.9825,0.35000000000000003,0.225,0.1825,"(596.7794898732498, 'Left Curve')",0.0016756608043154942,0.0,1.941875,3.891875,10.613887955054318,31.613887955054317,6.3
419,5,458,409,389,1.145,1.0225,0.9725,0.34500000000000003,0.2225,0.17250000000000001,"(602.5740172999406, 'Left Curve')",0.0016595471614937463,0.0,1.941875,3.891875,10.601571785204026,31.601571785204026,6.2
420,5,460,409,389,1.1500000000000001,1.0225,0.9725,0.35000000000000003,0.2225,0.17250000000000001,"(1182.3643139311991, 'Left Curve')",0.0008457630090975405,0.0,1.941875,3.891875,10.586813727694018,31.586813727694018,6.5
421,5,458,408,390,1.145,1.02,0.975,0.34500000000000003,0.22,0.17500000000000002,"(1638.5111886940408, 'Left Curve')",0.0006103101442944922,0.0,1.941875,3.891875,10.57051842606305,31.57051842606305,7.1
422,5,458,408,385,1.145,1.02,0.9625,0.34500000000000003,0.22,0.1625,"(921.8878022863162, 'Left Curve')",0.0010847306988116805,0.0,1.941875,3.891875,10.579122674035979,31.57912267403598,7.8
423,5,456,406,384,1.1400000000000001,1.0150000000000001,0.96,0.34,0.215,0.16,"(5826.357294662645, 'Left Curve')",0.00017163382700818413,0.0,1.941875,3.891875,10.538509969090887,31.53850996909089,7.0
424,5,459,408,382,1.1475,1.02,0.9550000000000001,0.34750000000000003,0.22,0.155,"(334.3429979561176, 'Left Curve')",0.002990940459687,0.0,1.941875,3.891875,10.613691873550867,31.613691873550867,8.1
425,5,454,405,380,1.135,1.0125,0.9500000000000001,0.335,0.2125,0.15,"(376.2484043854012, 'Left Curve')",0.0026578185803431964,0.0,1.941875,3.891875,10.571576962462128,31.571576962462128,6.7
426,5,453,405,378,1.1325,1.0125,0.9450000000000001,0.3325,0.2125,0.145,"(297.47060848374565, 'Left Curve')",0.0033616766547026507,0.0,1.941875,3.891875,10.584342192872919,31.584342192872917,5.2
427,5,451,404,376,1.1275,1.01,0.9400000000000001,0.3275,0.21,0.14,"(307.9665243257114, 'Left Curve')",0.003247106165806451,0.0,1.941875,3.891875,10.570239171126856,31.570239171126858,6.9
428,5,451,404,373,1.1275,1.01,0.9325,0.3275,0.21,0.1325,"(349.29620680428076, 'Left Curve')",0.0028628996837641715,0.0,1.941875,3.891875,10.563270922767854,31.563270922767856,6.9
429,5,450,403,373,1.125,1.0075,0.9325,0.325,0.20750000000000002,0.1325,"(351.62195072585763, 'Left Curve')",0.0028439635180218053,0.0,1.941875,3.891875,10.550901563497826,31.550901563497824,6.5
430,5,449,403,371,1.1225,1.0075,0.9275,0.3225,0.20750000000000002,0.1275,"(362.9189213669101, 'Left Curve')",0.002755436382962801,0.0,1.941875,3.891875,10.549295867829192,31.549295867829194,7.2
431,5,447,401,369,1.1175,1.0025,0.9225,0.3175,0.2025,0.1225,"(313.10296349095034, 'Left Curve')",0.0031938375442074124,0.0,1.941875,3.891875,10.533194681906568,31.53319468190657,6.2
432,5,447,402,368,1.1175,1.0050000000000001,0.92,0.3175,0.20500000000000002,0.12,"(299.44073196198553, 'Left Curve')",0.0033395590287528137,0.0,1.941875,3.891875,10.54786432204761,31.54786432204761,6.4
433,5,444,399,366,1.11,0.9975,0.915,0.31,0.1975,0.115,"(287.67323045194786, 'Left Curve')",0.00347616633785825,0.0,1.941875,3.891875,10.514261586458169,31.51426158645817,7.0
434,5,444,400,365,1.11,1.0,0.9125,0.31,0.2,0.1125,"(320.8361737627187, 'Left Curve')",0.0031168555224685215,0.0,1.941875,3.891875,10.519771223009181,31.51977122300918,6.3
435,5,442,398,364,1.105,0.995,0.91,0.305,0.195,0.11,"(256.46572547889434, 'Left Curve')",0.0038991564979402845,0.0,1.941875,3.891875,10.509906963084797,31.509906963084795,6.8
436,5,439,397,362,1.0975,0.9925,0.905,0.2975,0.1925,0.105,"(275.3094478907931, 'Left Curve')",0.0036322763626937702,0.0,1.941875,3.891875,10.49303765938959,31.49303765938959,6.2
437,5,437,395,360,1.0925,0.9875,0.9,0.2925,0.1875,0.1,"(262.4040426204617, 'Left Curve')",0.003810916897520473,0.0,1.941875,3.891875,10.47222121557695,31.47222121557695,6.4
438,5,429,395,358,1.0725,0.9875,0.895,0.2725,0.1875,0.095,"(278.0086986862228, 'Left Curve')",0.00359700975086632,0.0,1.941875,3.891875,10.468340317537523,31.468340317537525,6.4
439,5,430,393,358,1.075,0.9825,0.895,0.275,0.1825,0.095,"(278.23335015646535, 'Left Curve')",0.003594105449392199,0.0,1.941875,3.891875,10.44422863207273,31.44422863207273,6.5
440,5,432,391,357,1.08,0.9775,0.8925000000000001,0.28,0.1775,0.0925,"(315.5010136149713, 'Left Curve')",0.0031695619248322676,0.0,1.941875,3.891875,10.41246478665088,31.41246478665088,6.5
441,5,420,390,354,1.05,0.975,0.885,0.25,0.17500000000000002,0.085,"(668.3933560902228, 'Left Curve')",0.00149612498521756,0.0,1.941875,3.891875,10.370066655450795,31.370066655450795,7.2
442,5,425,390,355,1.0625,0.975,0.8875000000000001,0.2625,0.17500000000000002,0.08750000000000001,"(682.8273105249863, 'Left Curve')",0.0014644991267721236,0.0,1.941875,3.891875,10.369492855765253,31.36949285576525,6.3
443,5,415,389,354,1.0375,0.9725,0.885,0.23750000000000002,0.17250000000000001,0.085,"(570.5423231298963, 'Left Curve')",0.0017527183513997232,0.0,1.941875,3.891875,10.362690548169786,31.362690548169788,6.4
444,5,425,387,354,1.0625,0.9675,0.885,0.2625,0.1675,0.085,"(486.0161427193167, 'Left Curve')",0.0020575448264020285,0.0,1.941875,3.891875,10.344157045654724,31.344157045654725,6.6
445,5,412,385,352,1.03,0.9625,0.88,0.23,0.1625,0.08,"(648.8336278352002, 'Left Curve')",0.0015412271452952403,0.0,1.941875,3.891875,10.310718882196982,31.31071888219698,6.8
446,5,411,384,350,1.0275,0.96,0.875,0.2275,0.16,0.075,"(1287.2948554864395, 'Left Curve')",0.0007768228046107764,0.0,1.941875,3.891875,10.2848102462438,31.2848102462438,6.5
447,5,412,382,350,1.03,0.9550000000000001,0.875,0.23,0.155,0.075,"(632.1771200846074, 'Left Curve')",0.001581835166489678,0.0,1.941875,3.891875,10.275352115335481,31.27535211533548,6.6
448,5,403,380,349,1.0075,0.9500000000000001,0.8725,0.20750000000000002,0.15,0.0725,"(1522.5715195897246, 'Left Curve')",0.0006567835974427409,0.0,1.941875,3.891875,10.234488987388803,31.2344889873888,7.0
449,5,415,380,349,1.0375,0.9500000000000001,0.8725,0.23750000000000002,0.15,0.0725,"(1021.0444784620965, 'Left Curve')",0.0009793892637333548,0.0,1.941875,3.891875,10.240345459460647,31.24034545946065,6.3
450,5,410,377,347,1.025,0.9425,0.8675,0.225,0.14250000000000002,0.0675,"(8764.008363084473, 'Left Curve')",0.00011410304036360507,0.0,1.941875,3.891875,10.188527061896199,31.1885270618962,5.8
451,5,400,373,345,1.0,0.9325,0.8625,0.2,0.1325,0.0625,"(3654.0143878793833, 'Left Curve')",0.0002736716098647747,0.0,1.941875,3.891875,10.143272179888113,31.143272179888115,6.9
452,5,411,373,345,1.0275,0.9325,0.8625,0.2275,0.1325,0.0625,"(987.3947398936238, 'Left Curve')",0.0010127661811402137,0.0,1.941875,3.891875,10.156691469931115,31.156691469931115,7.1
453,5,401,371,344,1.0025,0.9275,0.86,0.2025,0.1275,0.06,"(929.0618030769738, 'Left Curve')",0.0010763546587407695,0.0,1.941875,3.891875,10.133768940367176,31.133768940367176,7.2
454,5,379,367,340,0.9475,0.9175,0.85,0.1475,0.11750000000000001,0.05,"(329.2962778061687, 'Left Curve')",0.003036778935559736,0.0,1.941875,3.891875,10.121208224530676,31.121208224530676,6.6
455,5,376,364,338,0.9400000000000001,0.91,0.845,0.14,0.11,0.045,"(202.5649812057358, 'Left Curve')",0.004936687447394211,0.0,1.941875,3.891875,10.119587974848958,31.119587974848958,6.8
456,5,365,362,337,0.9125,0.905,0.8425,0.1125,0.105,0.0425,"(113.62259151937145, 'Left Curve')",0.008801066642011158,0.0,1.941875,3.891875,10.165673557975866,31.165673557975865,6.3
457,5,386,363,337,0.965,0.9075,0.8425,0.165,0.1075,0.0425,"(513.7255811676165, 'Left Curve')",0.001946564540794638,0.0,1.941875,3.891875,10.053253437391884,31.053253437391884,6.7
458,5,380,360,334,0.9500000000000001,0.9,0.835,0.15,0.1,0.035,"(1367.2028610126197, 'Left Curve')",0.0007314203535672456,0.0,1.941875,3.891875,9.995063466616996,30.995063466616998,6.5
459,5,393,359,331,0.9825,0.8975,0.8275,0.1825,0.0975,0.0275,"(442.4978246742307, 'Left Curve')",0.0022598981152872457,0.0,1.941875,3.891875,10.010780539652334,31.010780539652334,5.7
460,5,339,351,329,0.8475,0.8775000000000001,0.8225,0.0475,0.0775,0.0225,"(115.39170158943008, 'Left Curve')",0.008666134446635115,0.0,1.941875,3.891875,10.030789197363744,31.030789197363745,6.5
461,5,299,345,328,0.7475,0.8625,0.8200000000000001,-0.0525,0.0625,0.02,"(77.23943556537563, 'Left Curve')",0.012946754370746246,0.0,1.941875,3.891875,10.036278651148553,31.036278651148553,7.1
462,5,290,342,326,0.725,0.855,0.8150000000000001,-0.075,0.055,0.015,"(114.60390782914789, 'Left Curve')",0.008725705946177728,0.0,1.941875,3.891875,9.923494042598564,30.923494042598563,6.2
463,5,284,338,323,0.71,0.845,0.8075,-0.09,0.045,0.0075,"(156.7757239910198, 'Left Curve')",0.006378538555224791,0.0,1.941875,3.891875,9.832687875014868,30.83268787501487,6.7
464,5,243,329,321,0.6075,0.8225,0.8025,-0.1925,0.0225,0.0025,"(90.66146199909812, 'Left Curve')",0.011030044938057008,0.0,1.941875,3.891875,9.808783775642693,30.808783775642695,6.2
465,5,215,323,321,0.5375,0.8075,0.8025,-0.2625,0.0075,0.0025,"(64.94046314300459, 'Left Curve')",0.015398719867425527,0.0,1.941875,3.891875,9.815874538432672,30.815874538432674,6.7
466,5,191,316,319,0.47750000000000004,0.79,0.7975,-0.3225,-0.01,-0.0025,"(63.72556106934565, 'Left Curve')",0.01569229023988989,0.0,1.941875,3.891875,9.73689543865672,30.73689543865672,6.5
467,5,158,307,318,0.395,0.7675000000000001,0.795,-0.405,-0.0325,-0.005,"(80.19799907904462, 'Left Curve')",0.012469139024458474,0.0,1.941875,3.891875,9.569932031307221,30.56993203130722,6.6
468,5,116,298,316,0.29,0.745,0.79,-0.51,-0.055,-0.01,"(146.74727068646783, 'Left Curve')",0.006814436788651049,0.0,1.941875,3.891875,9.35878854467621,30.35878854467621,7.0
469,5,73,288,314,0.1825,0.72,0.785,-0.6175,-0.08,-0.015,"(226.4278676146265, 'Left Curve')",0.004416417513156862,0.0,1.941875,3.891875,9.194777008893226,30.194777008893226,7.1
470,5,41,279,314,0.10250000000000001,0.6975,0.785,-0.6975,-0.10250000000000001,-0.015,"(201.3217171884089, 'Left Curve')",0.00496717400370741,0.0,1.941875,3.891875,9.096389026605406,30.096389026605408,6.7
471,5,26,273,312,0.065,0.6825,0.78,-0.735,-0.11750000000000001,-0.02,"(2129.8767723504807, 'Left Curve')",0.00046951073084684807,0.0,1.941875,3.891875,8.942455650059289,29.942455650059287,6.9
472,5,-13,263,310,-0.0325,0.6575,0.775,-0.8325,-0.14250000000000002,-0.025,"(1159.8777516273879, 'Left Curve')",0.0008621598255479352,0.0,1.941875,3.891875,8.829194472212082,29.82919447221208,6.7
473,5,11,265,307,0.0275,0.6625,0.7675000000000001,-0.7725,-0.1375,-0.0325,"(93.71488945401359, 'Straight')",0.010670662963228543,0.0,1.941875,3.891875,9.031384681670321,30.03138468167032,6.3
474,5,32,265,308,0.08,0.6625,0.77,-0.72,-0.1375,-0.03,"(126.17387543507309, 'Straight')",0.007925570935756687,0.0,1.941875,3.891875,8.981530487541548,29.981530487541548,6.8
475,5,43,261,327,0.1075,0.6525,0.8175,-0.6925,-0.1475,0.0175,"(131.52429400139238, 'Straight')",0.007603158090241591,0.0,1.941875,3.891875,8.927513140978906,29.927513140978906,7.9
476,5,15,245,319,0.0375,0.6125,0.7975,-0.7625000000000001,-0.1875,-0.0025,"(392.0997221310031, 'Straight')",0.002550371610990057,0.0,1.941875,3.891875,8.643201392874877,29.64320139287488,7.9
477,5,-167,206,299,-0.4175,0.515,0.7475,-1.2175,-0.28500000000000003,-0.0525,"(74.51405042903932, 'Straight')",0.013420287774482382,0.0,1.941875,3.891875,8.371321761552702,29.3713217615527,7.2
478,5,-275,177,327,-0.6875,0.4425,0.8175,-1.4875,-0.3575,0.0175,"(94.94669948182907, 'Straight')",0.010532224979462086,0.0,1.941875,3.891875,7.970577832382821,28.970577832382823,7.6
479,5,-292,168,299,-0.73,0.42,0.7475,-1.53,-0.38,-0.0525,"(89.02260226323152, 'Straight')",0.0112331023198254,0.0,1.941875,3.891875,7.875252446749833,28.875252446749833,8.2
480,5,-574,99,311,-1.435,0.2475,0.7775,-2.235,-0.5525,-0.0225,"(76.18590769573203, 'Straight')",0.013125787041794615,0.0,1.941875,3.891875,7.083358387552192,28.08335838755219,7.0
481,5,-230,166,316,-0.5750000000000001,0.41500000000000004,0.79,-1.375,-0.385,-0.01,"(131.84053308090458, 'Straight')",0.007584920787496704,0.0,1.941875,3.891875,7.785249028176847,28.785249028176846,8.2
482,5,-485,103,320,-1.2125000000000001,0.2575,0.8,-2.0125,-0.5425,0.0,"(135.06051028335395, 'Left Curve')",0.007404088714769567,0.0,1.941875,3.891875,7.028075209305637,28.028075209305637,7.6
483,5,26,211,332,0.065,0.5275,0.8300000000000001,-0.735,-0.2725,0.03,"(196.04919850036387, 'Left Curve')",0.005100760460380786,0.0,1.941875,3.891875,8.280562985530437,29.280562985530437,8.5
484,5,3958,1229,401,9.895,3.0725000000000002,1.0025,9.095,2.2725,0.2025,"(185.8308049271239, 'Straight')",0.005381239135202389,0.0,1.941875,3.891875,15.912628348556288,36.91262834855629,6.9
485,5,4457,1363,376,11.1425,3.4075,0.9400000000000001,10.3425,2.6075,0.14,"(131.82842032781414, 'Straight')",0.007585617710606918,0.0,1.941875,3.891875,16.109981848071918,37.10998184807192,7.4
486,5,-2992,-408,371,-7.48,-1.02,0.9275,-8.28,-1.82,0.1275,"(616.7308674775722, 'Straight')",0.0016214528131046815,0.0,1.941875,3.891875,4.240571150061251,25.24057115006125,7.0
487,5,10928,3014,375,27.32,7.535,0.9375,26.52,6.735,0.1375,"(235.96925983853268, 'Straight')",0.004237840135127231,0.0,1.941875,3.891875,18.992105090301745,39.99210509030175,6.7
488,5,-11540,-2509,379,-28.85,-6.2725,0.9475,-29.650000000000002,-7.0725,0.1475,"(543.9446503123004, 'Straight')",0.0018384223457770198,0.0,1.941875,3.891875,0.2604323495458601,21.26043234954586,7.1
489,5,-5809,-1099,377,-14.5225,-2.7475,0.9425,-15.3225,-3.5475,0.14250000000000002,"(414.98623651082454, 'Straight')",0.002409718472612322,0.0,1.941875,3.891875,2.9266517247437775,23.926651724743778,7.5
490,5,8703,2466,376,21.7575,6.165,0.9400000000000001,20.9575,5.365,0.14,"(227.90907577240432, 'Straight')",0.004387714691092973,0.0,1.941875,3.891875,18.132324021437096,39.1323240214371,7.2
491,5,-1795,-118,376,-4.4875,-0.295,0.9400000000000001,-5.2875000000000005,-1.095,0.14,"(1009.0415242599735, 'Straight')",0.0009910394923869912,0.0,1.941875,3.891875,4.829479651631105,25.829479651631104,6.1
492,5,8697,2454,381,21.7425,6.135,0.9525,20.9425,5.335,0.1525,"(217.13514221136512, 'Straight')",0.004605426785437492,0.0,1.941875,3.891875,18.13732014231024,39.137320142310244,7.3
493,5,10842,2950,376,27.105,7.375,0.9400000000000001,26.305,6.575,0.14,"(145.60179333675268, 'Straight')",0.0068680472752637505,0.0,1.941875,3.891875,18.991413948528667,39.99141394852867,7.1
494,5,11262,3034,366,28.155,7.585,0.915,27.355,6.785,0.115,"(128.27152262522264, 'Straight')",0.007795962654327806,0.0,1.941875,3.891875,18.993850816452483,39.99385081645248,6.4
495,5,9117,2508,365,22.7925,6.2700000000000005,0.9125,21.9925,5.47,0.1125,"(133.00777282502588, 'Straight')",0.007518357602420108,0.0,1.941875,3.891875,18.232982122391302,39.232982122391306,7.0
496,5,3673,1192,366,9.182500000000001,2.98,0.915,8.3825,2.18,0.115,"(158.231781144546, 'Straight')",0.006319842908716878,0.0,1.941875,3.891875,15.69858491844475,36.69858491844475,7.7
497,5,12294,3297,370,30.735,8.2425,0.925,29.935000000000002,7.4425,0.125,"(125.62304620616922, 'Straight')",0.007960322808593786,0.0,1.941875,3.891875,18.99900027147517,39.99900027147517,7.2
498,5,13045,3474,377,32.6125,8.685,0.9425,31.8125,7.885,0.14250000000000002,"(140.07881620385123, 'Straight')",0.007138838170539213,0.0,1.941875,3.891875,19.0,40.0,7.5
499,5,10375,2842,366,25.9375,7.105,0.915,25.1375,6.305,0.115,"(145.61607184468042, 'Straight')",0.006867373823039517,0.0,1.941875,3.891875,18.83555239611507,39.83555239611507,7.4
500,5,11255,3056,379,28.1375,7.640000000000001,0.9475,27.337500000000002,6.84,0.1475,"(139.6552932302373, 'Straight')",0.007160487632583955,0.0,1.941875,3.891875,18.994704619784173,39.99470461978417,6.8
501,5,12384,3310,375,30.96,8.275,0.9375,30.16,7.4750000000000005,0.1375,"(126.20759916902072, 'Straight')",0.007923453156420257,0.0,1.941875,3.891875,18.99932802299107,39.999328022991065,7.0
502,5,4345,1342,376,10.8625,3.355,0.9400000000000001,10.0625,2.555,0.14,"(137.07000093484083, 'Straight')",0.007295542373822347,0.0,1.941875,3.891875,16.062133904931464,37.062133904931464,6.7
503,5,11926,3186,376,29.815,7.965,0.9400000000000001,29.015,7.165,0.14,"(114.81142661396709, 'Straight')",0.008709934450708652,0.0,1.941875,3.891875,18.997787557119015,39.99778755711901,7.2
504,5,5614,1652,381,14.035,4.13,0.9525,13.235,3.33,0.1525,"(132.64957816648948, 'Straight')",0.007538659480280386,0.0,1.941875,3.891875,16.69081775797242,37.690817757972425,7.5
505,5,10084,2724,383,25.21,6.8100000000000005,0.9575,24.41,6.01,0.1575,"(107.78336084973981, 'Straight')",0.00927786990604324,0.0,1.941875,3.891875,18.74922166860546,39.74922166860546,6.2
506,5,5667,1658,372,14.1675,4.1450000000000005,0.93,13.3675,3.345,0.13,"(125.17046493426608, 'Straight')",0.007989105101791827,0.0,1.941875,3.891875,16.671543476920913,37.67154347692092,6.6
507,5,10340,2795,373,25.85,6.9875,0.9325,25.05,6.1875,0.1325,"(123.15446799425249, 'Straight')",0.00811988404713558,0.0,1.941875,3.891875,18.808778720115615,39.80877872011561,6.8
508,5,4210,1301,379,10.525,3.2525,0.9475,9.725,2.4525,0.1475,"(125.53977949685117, 'Straight')",0.007965602648084007,0.0,1.941875,3.891875,16.012438506071693,37.01243850607169,6.4
509,5,3415,1110,383,8.5375,2.775,0.9575,7.7375,1.975,0.1575,"(126.56508366059103, 'Straight')",0.007901073274535141,0.0,1.941875,3.891875,15.656134213368423,36.656134213368425,6.8
510,5,6518,1867,380,16.295,4.6675,0.9500000000000001,15.495000000000001,3.8675,0.15,"(139.6322170984334, 'Straight')",0.007161671001005824,0.0,1.941875,3.891875,17.088599295659577,38.08859929565958,6.5
511,5,7031,1988,380,17.5775,4.97,0.9500000000000001,16.7775,4.17,0.15,"(128.3416715291155, 'Straight')",0.007791701542340756,0.0,1.941875,3.891875,17.333162981919912,38.33316298191991,7.8
512,5,6588,1879,376,16.47,4.6975,0.9400000000000001,15.67,3.8975,0.14,"(131.012632302825, 'Straight')",0.0076328517519484804,0.0,1.941875,3.891875,17.10426506979068,38.104265069790685,6.5
513,5,9781,2655,377,24.4525,6.6375,0.9425,23.6525,5.8375,0.14250000000000002,"(117.27355661958157, 'Straight')",0.008527071479923263,0.0,1.941875,3.891875,18.57974114443952,39.579741144439524,6.7
514,5,4847,1459,373,12.1175,3.6475,0.9325,11.3175,2.8475,0.1325,"(137.7933432879202, 'Straight')",0.007257244625456925,0.0,1.941875,3.891875,16.27453025701496,37.27453025701496,6.5
515,5,6920,1959,377,17.3,4.8975,0.9425,16.5,4.0975,0.14250000000000002,"(129.48159351303525, 'Straight')",0.007723105445866538,0.0,1.941875,3.891875,17.26295662026441,38.26295662026441,6.8
